Serial number,Obs_Start_Date,Obs_Start_Time,Proposal_ID,Target_ID,RA,Dec,Observation_ID,Source_name,Prime_instrument
2,9/8/2018 0:00,10:05:00 AM,A04_104,T03,311.0407,-10.723457,A04_104T03_9000002348::,Mrk 509,sxt
136,12/25/2018 0:00,11:26:25 AM,A04_174,T01,83.63308,22.0145,Crab,,czt1
17,9/19/2018 0:00,7:50:00 PM,A04_209,T01,24.17395,15.78366,A04_209T01_9000002378::,NGC628,uvit1
15,9/17/2018 0:00,8:09:52 AM,A04_230,T01,254.457542,35.342333,A04_230T01_9000002374::,Her X-1,laxpc1
57,10/26/2018 0:00,2:34:56 PM,A05_002,T09,63.938042,-55.59225,A05_002T09_9000002456::,NGC 1549,uvit1
58,10/26/2018 0:00,2:46:02 PM,A05_002,T09,63.938042,-55.59225,A05_002T09_9000002456::,NGC 1549,uvit1
59,10/26/2018 0:00,4:12:24 PM,A05_002,T09,63.938042,-55.59225,A05_002T09_9000002456::,NGC 1549,uvit1
60,10/26/2018 0:00,5:42:02 PM,A05_002,T07,64.476458,-55.93289,A05_002T07_9000002458::,IC 2058,uvit1
61,10/26/2018 0:00,5:44:30 PM,A05_002,T07,64.476458,-55.93289,A05_002T07_9000002458::,IC 2058,uvit1
62,10/26/2018 0:00,7:19:28 PM,A05_002,T07,64.476458,-55.93289,A05_002T07_9000002458::,IC 2058,uvit1
63,10/26/2018 0:00,10:22:12 PM,A05_002,T10,64.043629,-55.78014,A05_002T10_9000002460::,NGC 1553,uvit1
64,10/26/2018 0:00,10:23:10 PM,A05_002,T10,64.043629,-55.78014,A05_002T10_9000002460::,NGC 1553,uvit1
80,11/3/2018 0:00,10:31:42 AM,A05_004,T05,9.808417,40.9869,A05_004T05_9000002488::,M31 Field No. 17,uvit1
81,11/4/2018 0:00,7:35:52 AM,A05_004,T02,9.993958,40.628717,A05_004T02_9000002490::,M31 Field No. 14,uvit1
82,11/5/2018 0:00,12:22:18 AM,A05_004,T07,10.193625,40.250211,A05_004T07_9000002492::,M31 Field No. 19,uvit1
83,11/5/2018 0:00,7:31:16 PM,A05_004,T04,10.510083,40.557781,A05_004T04_9000002494::,M31 Field No. 16,uvit1
90,11/11/2018 0:00,1:26:00 PM,A05_004,T06,9.476917,40.683486,A05_004T06_9000002506::,M31 Field No. 18,uvit1
91,11/12/2018 0:00,12:19:46 PM,A05_004,T03,9.801542,40.288367,A05_004T03_9000002508::,M31 Field No. 15,uvit1
104,11/24/2018 0:00,6:01:08 PM,A05_004,T04,10.510083,40.557781,A05_004T04_9000002534::,M31 Field No. 16,uvit1
105,11/25/2018 0:00,5:01:44 PM,A05_004,T06,9.476917,40.683486,A05_004T06_9000002536::,M31 Field No. 18,uvit1
106,11/26/2018 0:00,3:46:32 PM,A05_004,T03,9.801542,40.288367,A05_004T03_9000002538::,M31 Field No. 15,uvit1
262,4/18/2019 0:00,6:41:12 PM,A05_007,T06,252.320833,59.919167,A05_007T06_9000002844::,draco_f1,uvit1
341,7/22/2019 0:00,8:18:57 PM,A05_007,T06,252.320833,59.919167,A05_007T06_9000003050::,draco_f1,uvit1
115,12/8/2018 0:00,11:17:44 PM,A05_010,T02,53.25,-28.257778,A05_010T02_9000002556::,DEVILS-CDFS2,uvit1
120,12/14/2018 0:00,2:01:02 PM,A05_012,T02,147.177558,50.49198,A05_012T02_9000002566::,Mrk 124,uvit2
139,12/27/2018 0:00,10:34:30 AM,A05_012,T02,147.177558,50.49198,A05_012T02_9000002602::,Mrk 124,uvit2
298,5/16/2019 0:00,7:38:35 AM,A05_012,T01,141.513721,12.73434,A05_012T01_9000002918::,Mrk 705,uvit2
311,5/20/2019 0:00,6:37:35 PM,A05_013,T01,201.245833,-43.126111,A05_013T01_9000002944::,CenA south middle lobe,uvit1
351,7/31/2019 0:00,1:17:12 AM,A05_013,T01,201.245833,-43.126111,A05_013T01_9000003070::,CenA south middle lobe,uvit1
165,1/10/2019 0:00,7:22:50 AM,A05_015,T01,166.11375,38.208889,A05_015T01_9000002650::,Mkn 421,sxt
176,1/23/2019 0:00,8:55:44 AM,A05_019,T01,51.17125,34.179444,A05_019T01_9000002672::,1H 0323+342,sxt
184,2/1/2019 0:00,8:59:41 PM,A05_019,T01,51.17125,34.179444,A05_019T01_9000002688::,1H 0323+342,sxt
199,2/11/2019 0:00,6:20:00 AM,A05_019,T01,51.17125,34.179444,A05_019T01_9000002718::,1H 0323+342,sxt
256,4/5/2019 0:00,1:44:26 PM,A05_022,T03,160.990421,11.70381,A05_022T03_9000002832::,NGC 3351,uvit2
334,7/16/2019 0:00,2:43:48 PM,A05_022,T08,199.728371,-21.03911,A05_022T08_9000003036::,NGC 5068,uvit2
345,7/24/2019 0:00,7:19:49 PM,A05_022,T09,287.442079,-63.85753,A05_022T09_9000003058::,NGC 6744,uvit2
245,3/19/2019 0:00,8:33:44 PM,A05_024,T01,212.280829,-45.28781,A05_024T01_9000002810::,V834 Cen,sxt
117,12/12/2018 0:00,6:13:48 PM,A05_025,T16,102.247542,-36.005306,A05_025T16_9000002560::,NGC 2298,uvit1
166,1/14/2019 0:00,6:54:12 PM,A05_025,T04,78.528167,-40.046556,A05_025T04_9000002652::,NGC 1851,uvit1
269,4/28/2019 0:00,7:26:31 AM,A05_025,T17,246.608292,-72.268861,A05_025T17_9000002858::,NGC 6101,uvit1
274,4/29/2019 0:00,11:09:26 AM,A05_025,T17,246.608292,-72.268861,A05_025T17_9000002868::,NGC 6101,uvit1
305,5/19/2019 0:00,10:02:45 AM,A05_025,T18,274.656667,-52.215778,A05_025T18_9000002932::,NGC 6584,uvit1
357,8/12/2019 0:00,1:18:38 AM,A05_025,T17,246.608292,-72.268861,A05_025T17_9000003084::,NGC 6101,uvit1
363,8/17/2019 0:00,6:40:58 AM,A05_025,T18,274.656667,-52.215778,A05_025T18_9000003096::,NGC 6584,uvit1
370,8/20/2019 0:00,6:06:21 AM,A05_025,T04,78.528167,-40.046556,A05_025T04_9000003110::,NGC 1851,uvit1
31,10/3/2018 0:00,7:36:08 AM,A05_034,T01,310.463163,-32.43523,A05_034T01_9000002404::,AT Mic,sxt
385,9/1/2019 0:00,6:27:42 PM,A05_037,T01,295.669067,-10.32375,A05_037T01_9000003140::,NGC 6814,sxt
387,9/6/2019 0:00,8:28:22 PM,A05_037,T01,295.669067,-10.32375,A05_037T01_9000003144::,NGC 6814,sxt
390,9/9/2019 0:00,11:39:01 AM,A05_041,T01,8.406667,28.739167,A05_041T01_9000003150::,AGC 102983,uvit1
257,4/5/2019 0:00,6:17:23 PM,A05_046,T01,262.082921,-14.26556,A05_046T01_9000002834::,PDS 456,sxt
259,4/11/2019 0:00,3:54:46 PM,A05_046,T01,262.082921,-14.26556,A05_046T01_9000002838::,PDS 456,sxt
85,11/7/2018 0:00,6:58:28 PM,A05_056,T01,53.458333,-27.966667,A05_056T01_9000002498::,CDFS03,uvit2
107,11/27/2018 0:00,2:30:30 PM,A05_056,T01,53.458333,-27.966667,A05_056T01_9000002540::,CDFS03,uvit2
140,12/28/2018 0:00,9:15:30 AM,A05_056,T01,53.458333,-27.966667,A05_056T01_9000002604::,CDFS03,uvit2
73,10/31/2018 0:00,1:12:32 PM,A05_059,T03,15.3725,-70.486583,A05_059T03_9000002474::,SMC_Shell_3,uvit1
74,10/31/2018 0:00,4:05:52 PM,A05_059,T04,16.168333,-71.225083,A05_059T04_9000002476::,SMC_Shell_4,uvit1
75,10/31/2018 0:00,7:21:04 PM,A05_059,T05,17.05375,-70.969139,A05_059T05_9000002478::,SMC_Shell_5,uvit1
76,11/1/2018 0:00,12:50:00 AM,A05_059,T07,18.268333,-71.038389,A05_059T07_9000002480::,SMC_Shell_7,uvit1
286,5/6/2019 0:00,8:35:41 PM,A05_062,T01,264.742921,-44.45,A05_062T01_9000002892::,4U 1735-44,laxpc1
381,8/28/2019 0:00,3:05:23 PM,A05_062,T01,264.742921,-44.45,A05_062T01_9000003132::,4U 1735-44,laxpc1
384,9/1/2019 0:00,7:11:34 AM,A05_062,T02,274.005787,-14.036283,A05_062T02_9000003138::,GX 17+2,laxpc1
194,2/6/2019 0:00,3:39:30 PM,A05_063,T02,175.712375,20.442181,A05_063T02_9000002708::,A1367b,uvit2
260,4/18/2019 0:00,1:34:46 AM,A05_063,T03,247.462667,39.766528,A05_063T03_9000002840::,UGC10420,uvit2
349,7/30/2019 0:00,12:38:42 AM,A05_063,T03,247.462667,39.766528,A05_063T03_9000003066::,UGC10420,uvit2
52,10/23/2018 0:00,7:35:48 AM,A05_064,T01,174.11,70.1575,A05_064T01_9000002448::,Mrk 180,sxt
53,10/24/2018 0:00,12:50:00 PM,A05_064,T01,174.11,70.1575,A05_064T01_9000002450::,Mrk 180,sxt
127,12/19/2018 0:00,5:57:02 AM,A05_068,T01,132.825,11.8,A05_068T01_9000002580::,M67,uvit1
36,10/6/2018 0:00,8:35:02 AM,A05_069,T02,312.258667,30.404972,A05_069T02_9000002414::,NGC 6960-IV,uvit1
37,10/7/2018 0:00,5:41:56 AM,A05_069,T03,311.885958,30.741139,A05_069T03_9000002416::,NGC 6960-V,uvit1
38,10/7/2018 0:00,8:33:42 PM,A05_069,T04,312.426,29.988861,A05_069T04_9000002418::,NGC 6960-VI,uvit1
39,10/8/2018 0:00,6:59:24 PM,A05_069,T05,312.791042,30.071333,A05_069T05_9000002420::,NGC 6960-VII,uvit1
40,10/9/2018 0:00,4:18:54 PM,A05_069,T02,312.258667,30.404972,A05_069T02_9000002422::,NGC 6960-IV,uvit1
41,10/10/2018 0:00,2:51:20 PM,A05_069,T01,312.881625,29.067722,A05_069T01_9000002424::,Cygnus S-1,uvit1
42,10/11/2018 0:00,12:10:50 PM,A05_069,T03,311.885958,30.741139,A05_069T03_9000002426::,NGC 6960-V,uvit1
43,10/12/2018 0:00,10:41:42 AM,A05_069,T04,312.426,29.988861,A05_069T04_9000002428::,NGC 6960-VI,uvit1
335,7/17/2019 0:00,3:46:09 AM,A05_069,T02,312.258667,30.404972,A05_069T02_9000003038::,NGC 6960-IV,uvit1
25,10/1/2018 0:00,9:57:14 AM,A05_072,T05,294.998792,-30.96475,A05_072T05_9000002394::,NGC 6809,uvit2
208,2/26/2019 0:00,2:26:46 PM,A05_072,T02,198.230417,18.169167,A05_072T02_9000002736::,NGC 5024,uvit2
221,3/6/2019 0:00,10:58:14 AM,A05_072,T02,198.230417,18.169167,A05_072T02_9000002762::,NGC 5024,uvit2
237,3/13/2019 0:00,1:16:42 PM,A05_072,T04,250.445208,36.543611,A05_072T04_9000002794::,NGC 6205,uvit2
241,3/16/2019 0:00,11:15:23 AM,A05_072,T04,250.445208,36.543611,A05_072T04_9000002802::,NGC 6205,uvit2
336,7/17/2019 0:00,4:53:18 PM,A05_072,T04,250.445208,36.543611,A05_072T04_9000003040::,NGC 6205,uvit2
362,8/15/2019 0:00,11:12:11 PM,A05_072,T04,250.445208,36.543611,A05_072T04_9000003094::,NGC 6205,uvit2
89,11/11/2018 0:00,3:33:36 AM,A05_074,T02,9.421279,-33.716331,A05_074T02_9000002504::,Cartwheel,uvit1
123,12/15/2018 0:00,12:39:16 PM,A05_074,T02,9.421279,-33.716331,A05_074T02_9000002572::,Cartwheel,uvit1
210,2/27/2019 0:00,4:30:11 PM,A05_075,T09,230.4125,29.125,A05_075T09_9000002740::,KISSR692/698*,uvit2
212,2/28/2019 0:00,6:41:12 PM,A05_075,T08,225.5375,29.746111,A05_075T08_9000002744::,KISSR615,uvit2
220,3/5/2019 0:00,10:10:02 PM,A05_075,T07,219.620833,33.335278,A05_075T07_9000002760::,KISSR2407,uvit2
222,3/7/2019 0:00,3:04:42 AM,A05_075,T05,218.475,42.653611,A05_075T05_9000002764::,KISSR1814*,uvit2
223,3/7/2019 0:00,11:26:16 AM,A05_075,T06,216.6375,43.854167,A05_075T06_9000002766::,KISSR1786,uvit2
224,3/7/2019 0:00,5:54:54 PM,A05_075,T01,188.933333,42.856667,A05_075T01_9000002768::,KISSR1347*,uvit2
261,4/18/2019 0:00,3:17:43 PM,A05_075,T10,235.879167,44.0525,A05_075T10_9000002842::,KISSR2010,uvit2
309,5/20/2019 0:00,11:02:01 AM,A05_075,T03,197.175,44.098333,A05_075T03_9000002940::,KISSR1462,uvit2
367,8/18/2019 0:00,1:07:36 AM,A05_075,T06,216.6375,43.854167,A05_075T06_9000003104::,KISSR1786,uvit2
373,8/21/2019 0:00,3:58:16 PM,A05_075,T05,218.475,42.653611,A05_075T05_9000003116::,KISSR1814*,uvit2
65,10/27/2018 0:00,6:21:56 AM,A05_078,T01,6.022329,-72.081444,A05_078T01_9000002462::,47 Tuc,uvit1
189,2/4/2019 0:00,7:35:20 PM,A05_082,T08,188.46505,19.8866,A05_082T08_9000002698::,SDSS J123351.61+195311.8,uvit1
209,2/27/2019 0:00,9:58:45 AM,A05_082,T12,216.845142,20.09704,A05_082T12_9000002738::,SDSS J142722.83+200549.4,uvit1
217,3/3/2019 0:00,6:03:12 PM,A05_082,T12,216.845142,20.09704,A05_082T12_9000002754::,SDSS J142722.83+200549.4,uvit1
227,3/8/2019 0:00,2:48:22 PM,A05_082,T10,204.159779,20.54248,A05_082T10_9000002774::,SDSS J133638.35+203232.9,uvit1
343,7/23/2019 0:00,10:15:57 PM,A05_082,T09,194.421042,20.39661,A05_082T09_9000003054::,SDSS J125741.05+202347.8,uvit1
226,3/8/2019 0:00,8:21:26 AM,A05_083,T01,205.546779,28.37545,A05_083T01_9000002772::,M3,uvit1
153,1/5/2019 0:00,4:56:15 PM,A05_084,T06,53.819121,-35.22625,A05_084T06_9000002626::,NGC 1374,uvit1
187,2/4/2019 0:00,11:45:45 AM,A05_084,T04,51.571879,-21.33522,A05_084T04_9000002694::,NGC 1332,uvit1
169,1/15/2019 0:00,6:49:57 PM,A05_085,T01,90.199767,-39.918583,A05_085T01_9000002658::,JW108,uvit1
244,3/19/2019 0:00,7:27:29 AM,A05_088,T03,240.181667,31.17075,A05_088T03_9000002808::,GC50+48,uvit1
265,4/21/2019 0:00,9:57:20 AM,A05_088,T02,249.432875,29.727694,A05_088T02_9000002850::,GC50+40,uvit1
337,7/18/2019 0:00,11:57:48 AM,A05_088,T03,240.181667,31.17075,A05_088T03_9000003042::,GC50+48,uvit1
359,8/12/2019 0:00,5:50:44 PM,A05_088,T05,216.000333,31.568361,A05_088T05_9000003088::,GC50+69,uvit1
368,8/18/2019 0:00,7:51:39 PM,A05_088,T02,249.432875,29.727694,A05_088T02_9000003106::,GC50+40,uvit1
203,2/21/2019 0:00,11:00:22 AM,A05_094,T01,118.8554,39.18615,A05_094T01_9000002726::,mrk 382,uvit1
414,9/25/2019 0:00,1:21:45 AM,A05_094,T01,118.8554,39.18615,A05_094T01_9000003204::,mrk 382,uvit1
32,10/4/2018 0:00,9:28:44 AM,A05_096,T04,69.956833,-68.150389,A05_096T04_9000002406::,RX J0439.8-6809,uvit1
92,11/13/2018 0:00,11:06:16 AM,A05_096,T06,84.429171,-70.57083,A05_096T06_9000002510::,RX J0537.7-7034,uvit1
174,1/19/2019 0:00,11:46:11 PM,A05_096,T06,84.429171,-70.57083,A05_096T06_9000002668::,RX J0537.7-7034,uvit1
185,2/3/2019 0:00,12:42:30 PM,A05_097,T01,211.823,6.446,A05_097T01_9000002690::,SGW_d_01,uvit1
29,10/2/2018 0:00,8:10:22 PM,A05_101,T04,322.680792,-60.00183,A05_101T04_9000002402::,IC 5110,uvit1
30,10/2/2018 0:00,9:55:34 PM,A05_101,T04,322.680792,-60.00183,A05_101T04_9000002402::,IC 5110,uvit1
35,10/5/2018 0:00,9:16:36 PM,A05_101,T01,314.637079,-49.28472,A05_101T01_9000002412::,ESO235-IG023,uvit1
67,10/28/2018 0:00,7:58:56 PM,A05_101,T09,355.637292,-65.9565,A05_101T09_9000002466::,NGC 7733,uvit1
69,10/29/2018 0:00,5:39:56 AM,A05_101,T07,24.35625,-64.89639,A05_101T07_9000002470::,NGC 0646,uvit1
77,11/1/2018 0:00,6:36:24 AM,A05_101,T07,24.35625,-64.89639,A05_101T07_9000002482::,NGC 0646,uvit1
88,11/10/2018 0:00,7:53:24 PM,A05_101,T05,341.835079,-65.05872,A05_101T05_9000002502::,IC 5250,uvit1
168,1/15/2019 0:00,12:39:49 PM,A05_101,T06,18.593871,-55.39871,A05_101T06_9000002656::,NGC 0454,uvit1
180,1/29/2019 0:00,1:20:00 AM,A05_101,T02,52.669958,-50.30961,A05_101T02_9000002680::,NGC1356,uvit1
291,5/9/2019 0:00,7:06:26 PM,A05_101,T05,341.835079,-65.05872,A05_101T05_9000002902::,IC 5250,uvit1
299,5/16/2019 0:00,3:49:14 PM,A05_101,T03,310.307792,-38.19342,A05_101T03_9000002920::,ESO341-IG004,uvit1
300,5/16/2019 0:00,8:20:46 PM,A05_101,T08,305.749021,-44.27153,A05_101T08_9000002922::,NGC 6902A,uvit1
301,5/17/2019 0:00,7:40:31 AM,A05_101,T10,304.23875,-70.75833,A05_101T10_9000002924::,VV 297,uvit1
308,5/20/2019 0:00,5:34:51 AM,A05_101,T05,341.835079,-65.05872,A05_101T05_9000002938::,IC 5250,uvit1
350,7/30/2019 0:00,7:47:30 PM,A05_101,T10,304.23875,-70.75833,A05_101T10_9000003068::,VV 297,uvit1
366,8/17/2019 0:00,8:05:30 PM,A05_101,T08,305.749021,-44.27153,A05_101T08_9000003102::,NGC 6902A,uvit1
371,8/20/2019 0:00,7:26:55 PM,A05_101,T03,310.307792,-38.19342,A05_101T03_9000003112::,ESO341-IG004,uvit1
190,2/5/2019 0:00,8:32:06 AM,A05_103,T01,181.039125,20.347806,A05_103T01_9000002700::,NGC 4066,uvit1
215,3/3/2019 0:00,6:26:18 AM,A05_103,T02,115.60375,-14.591806,A05_103T02_9000002750::,OH 231.8 +4.2,uvit1
342,7/23/2019 0:00,3:34:03 PM,A05_103,T05,244.289708,-51.882556,A05_103T05_9000003052::,PN Mz 3,uvit1
344,7/24/2019 0:00,2:17:11 PM,A05_103,T06,258.385917,-37.023333,A05_103T06_9000003056::,NGC 6302,uvit1
66,10/28/2018 0:00,3:00:32 PM,A05_104,T04,356.757079,29.47111,A05_104T04_9000002464::,arp86,uvit1
216,3/3/2019 0:00,12:55:22 PM,A05_104,T02,122.81125,25.19306,A05_104T02_9000002752::,arp82,uvit1
225,3/7/2019 0:00,10:45:12 PM,A05_104,T03,209.649171,37.43889,A05_104T03_9000002770::,arp84,uvit1
270,4/28/2019 0:00,12:45:26 PM,A05_104,T05,233.738558,23.50314,A05_104T05_9000002860::,arp220,uvit1
275,4/29/2019 0:00,4:16:15 PM,A05_104,T05,233.738558,23.50314,A05_104T05_9000002870::,arp220,uvit1
279,5/1/2019 0:00,1:00:15 AM,A05_104,T06,180.472079,-18.87694,A05_104T06_9000002878::,arp244,uvit1
295,5/12/2019 0:00,5:20:25 PM,A05_104,T08,189.136292,11.258,A05_104T08_9000002910::,ngc4567,uvit1
369,8/19/2019 0:00,6:44:41 PM,A05_104,T04,356.757079,29.47111,A05_104T04_9000003108::,arp86,uvit1
375,8/24/2019 0:00,4:59:07 PM,A05_104,T05,233.738558,23.50314,A05_104T05_9000003120::,arp220,uvit1
266,4/21/2019 0:00,9:04:44 PM,A05_107,T01,253.467571,39.760169,A05_107T01_9000002852::,Mrk 501,sxt
47,10/15/2018 0:00,7:04:08 AM,A05_108,T01,359.253083,-34.680539,A05_108T01_9000002438::,Abell4059,uvit1
178,1/24/2019 0:00,6:18:25 PM,A05_108,T02,194.268,-30.375053,A05_108T02_9000002676::,Abell3530,uvit1
388,9/8/2019 0:00,4:41:22 AM,A05_108,T01,359.253083,-34.680539,A05_108T01_9000003146::,Abell4059,uvit1
171,1/19/2019 0:00,7:37:32 AM,A05_109,T01,169.2275,18.051667,A05_109T01_9000002662::,NGC3607,uvit1
243,3/18/2019 0:00,12:06:34 PM,A05_115,T03,195.040167,27.21375,A05_115T03_9000002806::,Coma1,uvit1
264,4/20/2019 0:00,2:11:39 PM,A05_115,T01,194.498792,27.995972,A05_115T01_9000002848::,Coma6,uvit1
293,5/10/2019 0:00,7:49:13 PM,A05_115,T02,194.285917,28.362417,A05_115T02_9000002906::,Coma3,uvit1
331,7/13/2019 0:00,1:20:49 PM,A05_115,T01,194.498792,27.995972,A05_115T01_9000003030::,Coma6,uvit1
332,7/14/2019 0:00,10:00:16 PM,A05_115,T03,195.040167,27.21375,A05_115T03_9000003032::,Coma1,uvit1
317,6/27/2019 0:00,6:10:29 AM,A05_117,T01,329.716938,-30.225588,A05_117T01_9000003002::,PKS 2155-304,sxt
144,1/1/2019 0:00,7:17:21 AM,A05_118,T02,160.879583,24.922222,A05_118T02_9000002612::,NGC3344,uvit1
230,3/9/2019 0:00,10:23:10 AM,A05_118,T04,183.913333,36.326944,A05_118T04_9000002782::,NGC4214,uvit1
254,4/2/2019 0:00,5:25:32 PM,A05_132,T01,267.383083,-28.134944,A05_132T01_9000002828::,Swift J1749.4-2807,laxpc1
84,11/6/2018 0:00,4:44:46 PM,A05_140,T01,135.528583,-40.554694,A05_140T01_9000002496::,Vela X-1,laxpc1
135,12/24/2018 0:00,12:35:38 PM,A05_140,T01,135.528583,-40.554694,A05_140T01_9000002596::,Vela X-1,laxpc1
324,7/7/2019 0:00,2:51:35 PM,A05_140,T01,135.528583,-40.554694,A05_140T01_9000003016::,Vela X-1,laxpc1
292,5/10/2019 0:00,1:36:12 AM,A05_142,T01,275.091417,7.1853,A05_142T01_9000002904::,MAXI J1820+070,laxpc1
99,11/18/2018 0:00,5:44:18 PM,A05_143,T01,140.3958,-31.445,A05_143T01_9000002524::,4U 0923-31,sxt
207,2/26/2019 0:00,12:37:15 AM,A05_144,T02,100.72975,55.474233,A05_144T02_9000002734::,SU Lyn,uvit1
400,9/20/2019 0:00,8:28:46 PM,A05_144,T02,100.72975,55.474233,A05_144T02_9000003176::,SU Lyn,uvit1
34,10/5/2018 0:00,4:21:26 PM,A05_149,T04,316.7575,42.236111,A05_149T04_9000002410::,NGC 7027,uvit1
132,12/22/2018 0:00,12:00:52 PM,A05_149,T03,168.72,55.033333,A05_149T03_9000002590::,NGC 3587,uvit1
372,8/21/2019 0:00,2:00:07 AM,A05_155,T04,220.108829,33.98911,A05_155T04_9000003114::,ngc5727,uvit1
412,9/24/2019 0:00,5:41:36 AM,A05_155,T02,86.757871,-34.25061,A05_155T02_9000003200::,NGC2090,uvit3
242,3/17/2019 0:00,11:40:00 AM,A05_156,T01,212.633917,39.819878,A05_156T01_9000002804::,Target 1,uvit1
179,1/26/2019 0:00,6:43:43 AM,A05_159,T01,83.633083,22.0145,A05_159T01_9000002678::,Crab,czt1
195,2/7/2019 0:00,10:57:18 AM,A05_160,T02,186.22625,21.382278,A05_160T02_9000002710::,PKS 1222+216,sxt
327,7/10/2019 0:00,7:33:40 AM,A05_160,T02,186.22625,21.382278,A05_160T02_9000003022::,PKS 1222+216,sxt
354,8/7/2019 0:00,1:43:22 AM,A05_160,T01,338.139167,11.720278,A05_160T01_9000003078::,CTA 102,sxt
250,3/27/2019 0:00,11:26:53 PM,A05_163,T01,265.990969,19.585838,A05_163T01_9000002820::,1ES 1741+196,sxt
321,7/3/2019 0:00,2:15:05 AM,A05_163,T01,265.990969,19.585838,A05_163T01_9000003010::,1ES 1741+196,sxt
374,8/22/2019 0:00,2:46:30 PM,A05_163,T01,265.990969,19.585838,A05_163T01_9000003118::,1ES 1741+196,sxt
118,12/13/2018 0:00,12:54:16 AM,A05_165,T12,119.92425,-38.732222,A05_165T12_9000002562::,SWIFT J0759.8-3844,uvit1
238,3/14/2019 0:00,1:45:59 PM,A05_165,T07,203.974167,-34.295494,A05_165T07_9000002796::,SWIFT J1335.8-3416,uvit1
347,7/27/2019 0:00,8:55:19 AM,A05_165,T07,203.974167,-34.295494,A05_165T07_9000003062::,SWIFT J1335.8-3416,uvit1
253,4/1/2019 0:00,10:18:32 PM,A05_166,T04,254.757,-15.257981,A05_166T04_9000002826::,MAXI J1659-152,laxpc1
408,9/22/2019 0:00,4:55:40 PM,A05_166,T01,255.705667,-48.789667,A05_166T01_9000003192::,GX339-4,laxpc1
219,3/5/2019 0:00,7:15:15 AM,A05_167,T01,237.321667,21.828333,A05_167T01_9000002758::,HCG77,uvit1
116,12/11/2018 0:00,9:55:16 AM,A05_169,T01,94.092042,-21.372722,A05_169T01_9000002558::,NGC 2207,uvit1
246,3/21/2019 0:00,4:13:34 PM,A05_173,T01,288.799121,10.94602,A05_173T01_9000002812::,GRS 1915+105,laxpc1
48,10/16/2018 0:00,7:23:22 AM,A05_174,T01,359.782958,-30.627969,A05_174T01_9000002440::,1H 2354-315,sxt
320,6/29/2019 0:00,6:32:17 AM,A05_174,T01,359.782958,-30.627969,A05_174T01_9000003008::,1H 2354-315,sxt
287,5/7/2019 0:00,12:37:43 PM,A05_175,T01,220.530833,35.439722,A05_175T01_9000002894::,Mkn 478,sxt
318,6/28/2019 0:00,1:06:08 AM,A05_175,T01,220.530833,35.439722,A05_175T01_9000003004::,Mkn 478,sxt
193,2/6/2019 0:00,12:24:00 PM,A05_176,T05,214.584258,7.592529,A05_176T05_9000002706::,NGC5546offset,uvit1
229,3/8/2019 0:00,10:06:01 PM,A05_176,T03,194.300865,28.492366,A05_176T03_9000002778::,NGC4841Aoffset,uvit1
310,5/20/2019 0:00,3:13:52 PM,A05_176,T04,211.180108,54.89263,A05_176T04_9000002942::,NGC5473,uvit1
330,7/13/2019 0:00,8:37:48 AM,A05_176,T03,194.300865,28.492366,A05_176T03_9000003028::,NGC4841Aoffset,uvit1
333,7/16/2019 0:00,11:17:37 AM,A05_176,T04,211.180108,54.89263,A05_176T04_9000003034::,NGC5473,uvit1
24,10/1/2018 0:00,3:23:04 AM,A05_182,T02,26.012292,61.888972,A05_182T02_9000002392::,NGC 654(2),uvit1
95,11/15/2018 0:00,11:57:28 AM,A05_182,T03,335.029167,58.128056,A05_182T03_9000002516::,NGC 7261,uvit1
125,12/17/2018 0:00,10:10:20 AM,A05_182,T03,335.029167,58.128056,A05_182T03_9000002576::,NGC 7261,uvit1
413,9/24/2019 0:00,7:03:13 PM,A05_182,T02,26.012292,61.888972,A05_182T02_9000003202::,NGC 654(2),uvit1
111,12/1/2018 0:00,12:20:00 AM,A05_185,T04,20.786033,34.346822,A05_185T04_9000002548::,1es 0120+340,sxt
113,12/6/2018 0:00,7:59:24 AM,A05_185,T04,20.786033,34.346822,A05_185T04_9000002552::,1es 0120+340,sxt
152,1/5/2019 0:00,2:40:52 AM,A05_186,T02,149.191917,28.8288,A05_186T02_9000002624::,DDO 68,uvit1
186,2/3/2019 0:00,7:20:40 PM,A05_186,T01,106.5585,30.233444,A05_186T01_9000002692::,UGC 3672,uvit1
214,3/1/2019 0:00,5:34:08 PM,A05_187,T03,128.127208,15.823942,A05_187T03_9000002748::,FR Cnc,sxt
97,11/16/2018 0:00,6:43:52 PM,A05_188,T01,128.836062,-45.176432,A05_188T01_9000002520::,Vela Pulsar,laxpc1
218,3/4/2019 0:00,1:11:40 AM,A05_188,T01,128.836062,-45.176432,A05_188T01_9000002756::,Vela Pulsar,laxpc1
325,7/8/2019 0:00,4:26:13 PM,A05_188,T01,128.836062,-45.176432,A05_188T01_9000003018::,Vela Pulsar,laxpc1
109,11/29/2018 0:00,11:02:16 AM,A05_194,T03,7.487542,32.893678,A05_194T03_9000002544::,MRK 950,uvit1
133,12/22/2018 0:00,4:57:08 PM,A05_194,T05,192.063458,17.774011,A05_194T05_9000002592::,SDSS J124815+174626,uvit1
191,2/5/2019 0:00,3:04:45 PM,A05_194,T05,192.063458,17.774011,A05_194T05_9000002702::,SDSS J124815+174626,uvit1
247,3/24/2019 0:00,1:01:22 AM,A05_194,T13,152.388083,23.382167,A05_194T13_9000002814::,SDSS J100933+232255,uvit1
129,12/21/2018 0:00,9:06:56 AM,A05_196,T01,139.006208,-36.627056,A05_196T01_9000002584::,NGC 2818,uvit1
126,12/17/2018 0:00,2:54:22 PM,A05_198,T01,346.181158,-8.68573,A05_198T01_9000002578::,MCG-2-58-22,sxt
130,12/21/2018 0:00,4:30:30 PM,A05_198,T01,346.181158,-8.68573,A05_198T01_9000002586::,MCG-2-58-22,sxt
323,7/6/2019 0:00,12:59:25 PM,A05_198,T01,346.181158,-8.68573,A05_198T01_9000003014::,MCG-2-58-22,sxt
328,7/11/2019 0:00,3:20:46 AM,A05_198,T01,346.181158,-8.68573,A05_198T01_9000003024::,MCG-2-58-22,sxt
206,2/23/2019 0:00,5:16:18 AM,A05_199,T01,180.790058,44.53133,A05_199T01_9000002732::,NGC 4051,uvit1
70,10/29/2018 0:00,10:16:04 AM,A05_202,T01,58.239625,-68.521333,A05_202T01_9000002472::,PKS 0352-686,sxt
78,11/1/2018 0:00,10:10:48 AM,A05_202,T01,58.239625,-68.521333,A05_202T01_9000002484::,PKS 0352-686,sxt
268,4/23/2019 0:00,8:26:11 PM,A05_204,T01,166.113808,38.20883,A05_204T01_9000002856::,Mrk421,sxt
252,3/31/2019 0:00,11:37:29 AM,A05_205,T01,255.203683,-41.655961,A05_205T01_9000002824::,OAO 1657-415,laxpc1
322,7/4/2019 0:00,8:23:31 PM,A05_205,T01,255.203683,-41.655961,A05_205T01_9000003012::,OAO 1657-415,laxpc1
96,11/15/2018 0:00,2:56:52 PM,A05_206,T01,138.010125,-64.8684,A05_206T01_9000002518::,MAXI J0911-655,laxpc1
101,11/20/2018 0:00,8:37:46 AM,A05_206,T01,138.010125,-64.8684,A05_206T01_9000002528::,MAXI J0911-655,laxpc1
145,1/3/2019 0:00,8:12:11 AM,A05_208,T01,196.059917,-10.3396,A05_208T01_9000002614::,NGC 4939,uvit1
277,4/29/2019 0:00,10:55:39 PM,A05_208,T03,192.7215,41.1202,A05_208T03_9000002874::,NGC 4736,uvit1
329,7/12/2019 0:00,2:17:27 AM,A05_208,T03,192.7215,41.1202,A05_208T03_9000003026::,NGC 4736,uvit1
26,10/2/2018 0:00,10:37:50 AM,A05_212,T08,332.880708,18.092833,A05_212T08_9000002396::,BD+17 4708,uvit2
27,10/2/2018 0:00,12:34:50 PM,A05_212,T09,340.611792,-50.066917,A05_212T09_9000002398::,HE 2239-5019,uvit2
55,10/26/2018 0:00,12:23:00 PM,A05_212,T01,2.469917,-18.270139,A05_212T01_9000002454::,HE 0007-1832,uvit2
56,10/26/2018 0:00,2:00:28 PM,A05_212,T01,2.469917,-18.270139,A05_212T01_9000002454::,HE 0007-1832,uvit2
213,3/1/2019 0:00,10:58:59 AM,A05_212,T07,208.457083,-17.610556,A05_212T07_9000002746::,HE 1351-1721,uvit2
228,3/8/2019 0:00,7:53:01 PM,A05_212,T06,196.470083,-38.516667,A05_212T06_9000002776::,HD 113679,uvit2
283,5/2/2019 0:00,7:21:25 AM,A05_212,T09,340.611792,-50.066917,A05_212T09_9000002886::,HE 2239-5019,uvit2
306,5/19/2019 0:00,3:10:06 PM,A05_212,T08,332.880708,18.092833,A05_212T08_9000002934::,BD+17 4708,uvit2
284,5/2/2019 0:00,12:28:36 PM,A05_221,T01,270.384579,-20.52889,A05_221T01_9000002888::,GX 9+1,sxt
307,5/19/2019 0:00,6:23:16 PM,A05_221,T01,270.384579,-20.52889,A05_221T01_9000002936::,GX 9+1,sxt
28,10/2/2018 0:00,2:26:10 PM,A05_225,T04,39.960829,18.02428,A05_225T04_9000002400::,NGC 1030,uvit1
68,10/29/2018 0:00,2:07:52 AM,A05_225,T01,351.340621,28.49521,A05_225T01_9000002468::,UGC 12591,uvit1
71,10/29/2018 0:00,5:01:12 PM,A05_225,T01,351.340621,28.49521,A05_225T01_9000002470::,UGC 12591,uvit1
100,11/20/2018 0:00,2:20:20 AM,A05_225,T02,85.127083,69.378444,A05_225T02_9000002526::,NGC 1961,uvit1
122,12/15/2018 0:00,9:38:32 AM,A05_225,T02,85.127083,69.378444,A05_225T02_9000002570::,NGC 1961,uvit1
365,8/17/2019 0:00,2:47:28 PM,A05_225,T02,85.127083,69.378444,A05_225T02_9000003100::,NGC 1961,uvit1
236,3/13/2019 0:00,6:23:17 AM,A05_226,T06,154.10215,37.91277,A05_226T06_9000002792::,KUG1013+381,uvit1
240,3/16/2019 0:00,3:25:05 AM,A05_226,T06,154.10215,37.91277,A05_226T06_9000002800::,KUG1013+381,uvit1
272,4/28/2019 0:00,7:32:21 PM,A05_226,T06,154.10215,37.91277,A05_226T06_9000002864::,KUG1013+381,uvit1
282,5/1/2019 0:00,7:57:30 PM,A05_226,T09,179.3668,-19.62406,A05_226T09_9000002884::,ISZ59,uvit1
389,9/9/2019 0:00,3:37:32 AM,A05_226,T05,100.564721,75.62573,A05_226T05_9000003148::,UGCA130,uvit1
173,1/19/2019 0:00,8:26:43 PM,A05_227,T07,74.69275,29.843583,A05_227T07_9000002666::,HD 31648,uvit1
205,2/22/2019 0:00,9:14:41 PM,A05_227,T06,54.752333,29.696,A05_227T06_9000002730::,V1185 Tau,uvit1
271,4/28/2019 0:00,5:36:12 PM,A05_227,T03,195.839542,-62.223944,A05_227T03_9000002862::,PDS 361S,uvit1
276,4/29/2019 0:00,9:15:17 PM,A05_227,T03,195.839542,-62.223944,A05_227T03_9000002872::,PDS 361S,uvit1
358,8/12/2019 0:00,1:03:01 PM,A05_227,T03,195.839542,-62.223944,A05_227T03_9000003086::,PDS 361S,uvit1
285,5/4/2019 0:00,11:14:54 AM,A05_229,T02,262.991671,-33.83528,A05_229T02_9000002890::,4U 1728-34,laxpc1
346,7/25/2019 0:00,3:08:48 AM,A05_229,T02,262.991671,-33.83528,A05_229T02_9000003060::,4U 1728-34,laxpc1
348,7/29/2019 0:00,4:08:02 PM,A06_002,T02,326.171475,38.321407,A06_002T02_9000003064::,Cyg X-2,laxpc2
355,8/8/2019 0:00,1:25:31 PM,A06_002,T03,256.563808,-43.035747,A06_002T03_9000003080::,4U 1702-429,laxpc2
382,8/29/2019 0:00,5:54:29 AM,A06_002,T01,262.990542,-33.834028,A06_002T01_9000003134::,4U 1728-34,laxpc2
415,9/28/2019 0:00,10:43:36 AM,A06_002,T02,326.171475,38.321407,A06_002T02_9000003206::,Cyg X-2,laxpc2
181,1/29/2019 0:00,7:45:04 AM,A06_003,T04,36.820329,33.57917,A06_003T04_9000002682::,NGC 0925,uvit1
232,3/10/2019 0:00,3:20:00 PM,A06_003,T01,187.046258,44.09363,A06_003T01_9000002786::,NGC 4449,uvit1
249,3/26/2019 0:00,11:53:57 AM,A06_003,T07,170.261979,53.16957,A06_003T07_9000002818::,NGC 3631,uvit1
255,4/3/2019 0:00,6:02:22 PM,A06_003,T05,143.042121,21.50083,A06_003T05_9000002830::,NGC 2903,uvit1
302,5/17/2019 0:00,11:25:04 AM,A06_003,T02,186.453592,33.54693,A06_003T02_9000002926::,NGC 4395,uvit1
339,7/19/2019 0:00,7:44:32 AM,A06_003,T04,36.820329,33.57917,A06_003T04_9000003046::,NGC 0925,uvit1
233,3/11/2019 0:00,3:50:31 PM,A06_005,T01,154.403417,-46.412472,A06_005T01_9000002788::,NGC 3201,uvit1
234,3/11/2019 0:00,8:48:37 PM,A06_005,T01,154.403417,-46.412472,A06_005T01_9000002788::,NGC 3201,uvit1
315,6/23/2019 0:00,4:13:38 PM,A06_005,T02,236.5125,-37.786417,A06_005T02_9000002996::,NGC 5986,uvit1
340,7/21/2019 0:00,9:47:03 PM,A06_005,T02,236.5125,-37.786417,A06_005T02_9000003048::,NGC 5986,uvit1
383,8/31/2019 0:00,10:04:10 AM,A06_005,T05,284.888125,-36.631417,A06_005T05_9000003136::,NGC 6723,uvit1
396,9/17/2019 0:00,1:37:03 AM,A06_005,T09,325.092167,-23.179861,A06_005T09_9000003168::,NGC 7099,uvit1
182,1/31/2019 0:00,12:50:00 AM,A06_006,T01,53.123708,-27.735364,A06_006T01_9000002684::,AUDFLs,uvit1
200,2/13/2019 0:00,9:55:04 AM,A06_006,T01,53.123708,-27.735364,A06_006T01_9000002720::,AUDFLs,uvit1
202,2/20/2019 0:00,1:20:00 AM,A06_006,T01,53.123708,-27.735364,A06_006T01_9000002724::,AUDFLs,uvit1
281,5/1/2019 0:00,4:55:48 PM,A06_009,T02,251.44875,-45.611111,A06_009T02_9000002882::,GX 340+0,laxpc2
319,6/29/2019 0:00,12:53:40 AM,A06_009,T02,251.44875,-45.611111,A06_009T02_9000003006::,GX 340+0,laxpc2
338,7/19/2019 0:00,4:28:55 AM,A06_009,T02,251.44875,-45.611111,A06_009T02_9000003044::,GX 340+0,laxpc2
353,8/6/2019 0:00,9:39:35 PM,A06_009,T02,251.44875,-45.611111,A06_009T02_9000003076::,GX 340+0,laxpc2
364,8/17/2019 0:00,11:43:03 AM,A06_009,T03,270.290542,-25.078925,A06_009T03_9000003098::,GX 5-1,laxpc2
376,8/25/2019 0:00,9:25:49 AM,A06_009,T03,270.290542,-25.078925,A06_009T03_9000003122::,GX 5-1,laxpc2
379,8/28/2019 0:00,9:00:54 AM,A06_009,T03,270.290542,-25.078925,A06_009T03_9000003128::,GX 5-1,laxpc2
380,8/28/2019 0:00,11:52:35 AM,A06_009,T02,251.44875,-45.611111,A06_009T02_9000003130::,GX 340+0,laxpc2
391,9/10/2019 0:00,12:21:26 PM,A06_009,T02,251.44875,-45.611111,A06_009T02_9000003152::,GX 340+0,laxpc2
392,9/10/2019 0:00,3:09:33 PM,A06_009,T05,256.435375,-36.423069,A06_009T05_9000003154::,GX 349+2,laxpc2
397,9/17/2019 0:00,8:55:52 PM,A06_009,T02,251.44875,-45.611111,A06_009T02_9000003170::,GX 340+0,laxpc2
409,9/23/2019 0:00,1:23:11 PM,A06_009,T02,251.44875,-45.611111,A06_009T02_9000003194::,GX 340+0,laxpc2
410,9/23/2019 0:00,7:06:01 PM,A06_009,T05,256.435375,-36.423069,A06_009T05_9000003196::,GX 349+2,laxpc2
411,9/24/2019 0:00,2:05:15 AM,A06_009,T03,270.290542,-25.078925,A06_009T03_9000003198::,GX 5-1,laxpc2
566,2/25/2020 0:00,3:51:14 AM,A07_001,T06,73.920833,-71.413333,A07_001T06_9000003530::,LMCSouth_6,uvit1
570,2/26/2020 0:00,6:25:00 PM,A07_001,T01,77.188208,-71.186444,A07_001T01_9000003538::,LMCSouth_1,uvit1
572,3/4/2020 0:00,1:31:35 AM,A07_001,T02,77.281333,-71.503917,A07_001T02_9000003546::,LMCSouth_2,uvit1
573,3/4/2020 0:00,8:15:56 AM,A07_001,T03,76.061792,-71.756639,A07_001T03_9000003548::,LMCSouth_3,uvit1
574,3/4/2020 0:00,11:44:31 AM,A07_001,T05,78.333875,-72.078,A07_001T05_9000003550::,LMCSouth_5,uvit1
575,3/4/2020 0:00,2:54:36 PM,A07_001,T04,77.119083,-71.897972,A07_001T04_9000003552::,LMCSouth_4,uvit1
598,4/2/2020 0:00,3:14:21 PM,A07_001,T01,77.188208,-71.186444,A07_001T01_9000003598::,LMCSouth_1,uvit1
599,4/2/2020 0:00,8:21:21 PM,A07_001,T02,77.281333,-71.503917,A07_001T02_9000003600::,LMCSouth_2,uvit1
600,4/3/2020 0:00,7:40:11 AM,A07_001,T03,76.061792,-71.756639,A07_001T03_9000003602::,LMCSouth_3,uvit1
425,10/10/2019 0:00,11:08:58 AM,A07_004,T01,272.11475,-36.978972,A07_004T01_9000003230::,SAX J1808.4-3658,sxt
424,10/5/2019 0:00,11:37:41 AM,A07_005,T01,120.004167,-10.77,A07_005T01_9000003224::,NGC 2506,uvit1
417,10/2/2019 0:00,4:45:57 AM,A07_006,T04,7.26275,59.571944,A07_006T04_9000003210::,IGR J00291+5934,laxpc1
432,10/19/2019 0:00,9:38:08 AM,A07_007,T02,11.363333,41.883025,A07_007T02_9000003244::,M31 Field No. 8,uvit1
445,10/29/2019 0:00,6:01:15 PM,A07_007,T05,11.037,41.557347,A07_007T05_9000003274::,M31 Field No. 2,uvit1
446,10/30/2019 0:00,10:33:29 AM,A07_007,T04,10.710708,41.250228,A07_007T04_9000003276::,M31 Field No. 1,uvit1
448,11/3/2019 0:00,6:30:05 PM,A07_007,T03,11.719583,42.203444,A07_007T03_9000003280::,M31 Field No. 9,uvit1
466,11/20/2019 0:00,2:01:18 PM,A07_007,T03,11.719583,42.203444,A07_007T03_9000003320::,M31 Field No. 9,uvit1
422,10/4/2019 0:00,7:18:18 PM,A07_010,T04,62.223958,-55.98956,A07_010T04_9000003220::,IC 2038,uvit1
428,10/16/2019 0:00,8:32:54 AM,A07_010,T05,62.466,-56.11844,A07_010T05_9000003236::,NGC1533,uvit1
429,10/16/2019 0:00,3:12:07 PM,A07_010,T06,62.749421,-56.48044,A07_010T06_9000003238::,NGC 1536,uvit1
430,10/16/2019 0:00,9:51:30 PM,A07_010,T11,63.65225,-56.060806,A07_010T11_9000003240::,NGC 1546,uvit1
590,3/20/2020 0:00,3:57:35 PM,A07_010,T12,66.908792,-55.027806,A07_010T12_9000003582::,NGC 1596,uvit1
543,2/3/2020 0:00,9:06:27 AM,A07_011,T01,217.266667,52.87,A07_011T01_9000003482::,EGS,uvit1
452,11/7/2019 0:00,9:36:33 PM,A07_018,T02,312.122167,29.723278,A07_018T02_9000003288::,Cygnus S-III,uvit1
454,11/9/2019 0:00,3:33:52 AM,A07_018,T02,312.122167,29.723278,A07_018T02_9000003292::,Cygnus S-III,uvit1
455,11/9/2019 0:00,12:10:38 PM,A07_018,T07,313.131833,29.681722,A07_018T07_9000003294::,Cygnus S-VIII,uvit1
456,11/10/2019 0:00,7:10:05 PM,A07_018,T08,312.58325,29.697583,A07_018T08_9000003296::,Cygnus S-IX,uvit1
609,4/25/2020 0:00,3:44:10 PM,A07_018,T08,312.58325,29.697583,A07_018T08_9000003622::,Cygnus S-IX,uvit1
633,5/22/2020 0:00,7:42:59 AM,A07_018,T07,313.131833,29.681722,A07_018T07_9000003680::,Cygnus S-VIII,uvit1
634,5/23/2020 0:00,4:30:12 AM,A07_018,T09,311.704458,31.477833,A07_018T09_9000003682::,NGC6960-VIII,uvit1
635,5/23/2020 0:00,9:00:20 PM,A07_018,T02,312.122167,29.723278,A07_018T02_9000003684::,Cygnus S-III,uvit1
544,2/7/2020 0:00,1:50:30 PM,A07_024,T04,190.927625,16.393389,A07_024T04_9000003484::,NGC 4651,uvit1
423,10/5/2019 0:00,8:04:29 AM,A07_027,T16,347.447,-43.4279,A07_027T16_9000003222::,NGC7496,uvit1
439,10/26/2019 0:00,8:48:05 AM,A07_027,T02,353.6145,-36.1011,A07_027T02_9000003258::,IC5332,uvit1
554,2/16/2020 0:00,8:53:13 AM,A07_027,T05,49.921,-19.4112,A07_027T05_9000003506::,NGC1300,uvit1
555,2/16/2020 0:00,4:45:45 PM,A07_027,T06,54.368,-24.5013,A07_027T06_9000003508::,NGC1385,uvit1
556,2/17/2020 0:00,6:14:52 AM,A07_027,T14,194.182083,21.6827,A07_027T14_9000003510::,NGC4826,uvit1
557,2/17/2020 0:00,10:58:50 AM,A07_027,T09,76.310208,-37.9808,A07_027T09_9000003512::,NGC1792,uvit1
558,2/17/2020 0:00,3:45:33 PM,A07_027,T08,64.399,-62.7837,A07_027T08_9000003514::,NGC1559,uvit1
565,2/24/2020 0:00,3:23:10 PM,A07_027,T03,52.880792,-51.9049,A07_027T03_9000003528::,IC1954,uvit1
580,3/13/2020 0:00,12:40:12 AM,A07_027,T15,204.383583,8.8851,A07_027T15_9000003562::,NGC5248,uvit1
595,3/26/2020 0:00,8:11:20 AM,A07_027,T10,137.583792,7.0379,A07_027T10_9000003592::,NGC2775,uvit1
618,5/3/2020 0:00,8:22:10 PM,A07_027,T02,353.6145,-36.1011,A07_027T02_9000003640::,IC5332,uvit1
625,5/13/2020 0:00,5:44:40 PM,A07_027,T12,190.986,13.1264,A07_027T12_9000003664::,NGC4654,uvit1
626,5/13/2020 0:00,10:19:26 PM,A07_027,T16,347.447,-43.4279,A07_027T16_9000003666::,NGC7496,uvit1
627,5/14/2020 0:00,4:23:07 PM,A07_027,T11,189.207583,13.1629,A07_027T11_9000003668::,NGC4569,uvit1
666,7/3/2020 0:00,2:15:57 AM,A07_027,T11,189.207583,13.1629,A07_027T11_9000003752::,NGC4569,uvit1
717,9/10/2020 0:00,12:33:54 AM,A07_027,T01,26.9285,-52.7619,A07_027T01_9000003862::,NGC0685,uvit1
418,10/2/2019 0:00,8:19:39 PM,A07_039,T02,31.792958,-74.1175,A07_039T02_9000003212::,MBfield3,uvit1
419,10/3/2019 0:00,12:13:57 PM,A07_039,T03,30.309042,-74.164333,A07_039T03_9000003214::,MBfield4,uvit1
420,10/3/2019 0:00,11:30:44 PM,A07_039,T01,33.286375,-74.170172,A07_039T01_9000003216::,MBfield2,uvit1
427,10/15/2019 0:00,5:06:21 AM,A07_041,T01,302.355792,-48.831583,A07_041T01_9000003234::,PKS 2005-489,sxt
612,4/30/2020 0:00,8:48:10 PM,A07_045,T01,186.939974,13.008826,A07_045T01_9000003628::,NGC 4438,uvit1
550,2/13/2020 0:00,11:18:20 AM,A07_046,T01,199.112875,17.70025,A07_046T01_9000003498::,NGC5053,uvit1
440,10/26/2019 0:00,12:29:29 PM,A07_047,T09,19.255417,-71.733639,A07_047T09_9000003260::,SMC_Shell_9,uvit1
441,10/26/2019 0:00,3:29:23 PM,A07_047,T08,18.79625,-71.3655,A07_047T08_9000003262::,SMC_Shell_8,uvit1
458,11/13/2019 0:00,9:11:00 AM,A07_047,T09,19.255417,-71.733639,A07_047T09_9000003300::,SMC_Shell_9,uvit1
459,11/13/2019 0:00,12:06:21 PM,A07_047,T08,18.79625,-71.3655,A07_047T08_9000003302::,SMC_Shell_8,uvit1
498,12/24/2019 0:00,11:10:53 AM,A07_047,T08,18.79625,-71.3655,A07_047T08_9000003384::,SMC_Shell_8,uvit1
499,12/24/2019 0:00,1:48:57 PM,A07_047,T09,19.255417,-71.733639,A07_047T09_9000003386::,SMC_Shell_9,uvit1
504,12/28/2019 0:00,8:32:34 PM,A07_047,T09,19.255417,-71.733639,A07_047T09_9000003396::,SMC_Shell_9,uvit1
585,3/16/2020 0:00,9:14:56 AM,A07_047,T01,14.553333,-70.763278,A07_047T01_9000003572::,SMC_Shell_1,uvit1
586,3/16/2020 0:00,2:15:06 PM,A07_047,T02,14.948333,-71.120556,A07_047T02_9000003574::,SMC_Shell_2,uvit1
587,3/16/2020 0:00,7:00:57 PM,A07_047,T06,17.870417,-70.667889,A07_047T06_9000003576::,SMC_Shell_6,uvit1
594,3/25/2020 0:00,4:15:49 PM,A07_047,T08,18.79625,-71.3655,A07_047T08_9000003590::,SMC_Shell_8,uvit1
457,11/12/2019 0:00,11:37:52 AM,A07_049,T01,331.968305,31.359346,A07_049T01_9000003298::,NGC7217,uvit1
478,11/28/2019 0:00,8:11:23 AM,A07_049,T01,331.968305,31.359346,A07_049T01_9000003344::,NGC7217,uvit1
485,12/3/2019 0:00,10:40:16 AM,A07_049,T01,331.968305,31.359346,A07_049T01_9000003358::,NGC7217,uvit1
496,12/21/2019 0:00,8:00:04 AM,A07_049,T01,331.968305,31.359346,A07_049T01_9000003380::,NGC7217,uvit1
508,1/2/2020 0:00,11:10:25 PM,A07_049,T01,331.968305,31.359346,A07_049T01_9000003408::,NGC7217,uvit1
451,11/6/2019 0:00,1:08:40 PM,A07_054,T01,124.87075,70.70536,A07_054T01_9000003286::,Holmber II X-1,uvit1
480,11/30/2019 0:00,8:05:48 PM,A07_054,T01,124.87075,70.70536,A07_054T01_9000003348::,Holmber II X-1,uvit1
491,12/16/2019 0:00,11:33:11 AM,A07_054,T01,124.87075,70.70536,A07_054T01_9000003370::,Holmber II X-1,uvit1
495,12/19/2019 0:00,11:12:20 PM,A07_054,T01,124.87075,70.70536,A07_054T01_9000003378::,Holmber II X-1,uvit1
507,1/2/2020 0:00,12:37:08 AM,A07_054,T01,124.87075,70.70536,A07_054T01_9000003406::,Holmber II X-1,uvit1
545,2/7/2020 0:00,5:19:17 PM,A07_054,T01,124.87075,70.70536,A07_054T01_9000003486::,Holmber II X-1,uvit1
553,2/15/2020 0:00,8:59:48 AM,A07_054,T01,124.87075,70.70536,A07_054T01_9000003504::,Holmber II X-1,uvit1
601,4/3/2020 0:00,12:51:29 PM,A07_054,T01,124.87075,70.70536,A07_054T01_9000003604::,Holmber II X-1,uvit1
471,11/21/2019 0:00,11:35:05 PM,A07_056,T01,237.391917,70.348089,A07_056T01_9000003330::,Blank Sky-8,laxpc2
421,10/4/2019 0:00,2:33:39 PM,A07_059,T01,25.582042,51.575472,A07_059T01_9000003218::,NGC 650,uvit1
436,10/24/2019 0:00,4:40:18 PM,A07_059,T05,323.284612,39.635978,A07_059T05_9000003252::,PN Hu1-2,uvit1
643,6/3/2020 0:00,8:31:58 AM,A07_059,T07,305.0365,16.731664,A07_059T07_9000003704::,IC 4997,uvit1
502,12/27/2019 0:00,3:12:05 PM,A07_062,T01,29.420833,37.785,A07_062T01_9000003392::,NGC 752,uvit1
450,11/4/2019 0:00,8:32:36 PM,A07_065,T01,147.593333,31.487778,A07_065T01_9000003284::,UGC 5272,uvit1
475,11/23/2019 0:00,9:16:43 AM,A07_065,T01,147.593333,31.487778,A07_065T01_9000003338::,UGC 5272,uvit1
576,3/4/2020 0:00,6:26:03 PM,A07_065,T01,147.593333,31.487778,A07_065T01_9000003554::,UGC 5272,uvit1
588,3/17/2020 0:00,8:18:32 AM,A07_067,T01,239.790083,35.029878,A07_067T01_9000003578::,Mrk 493,sxt
668,7/5/2020 0:00,12:11:05 PM,A07_068,T01,203.975,-34.295556,A07_068T01_9000003756::,meg-6-30-15,sxt
670,7/15/2020 0:00,10:22:05 AM,A07_068,T01,203.975,-34.295556,A07_068T01_9000003760::,meg-6-30-15,sxt
584,3/14/2020 0:00,11:31:46 PM,A07_069,T01,132.825,11.8,A07_069T01_9000003570::,M67,uvit1
437,10/25/2019 0:00,3:41:30 AM,A07_091,T07,117.086125,47.203953,A07_091T07_9000003254::,SDSSJ074820+471214,uvit1
503,12/28/2019 0:00,10:44:02 AM,A07_091,T04,197.079667,43.757111,A07_091T04_9000003394::,SDSSJ130819+434525,uvit1
547,2/11/2020 0:00,8:16:39 PM,A07_091,T04,197.079667,43.757111,A07_091T04_9000003492::,SDSSJ130819+434525,uvit1
561,2/19/2020 0:00,2:48:32 PM,A07_091,T10,204.404708,20.397694,A07_091T10_9000003520::,SDSSJ133737+202351,uvit1
567,2/25/2020 0:00,9:07:37 AM,A07_091,T10,204.404708,20.397694,A07_091T10_9000003532::,SDSSJ133737+202351,uvit1
591,3/21/2020 0:00,12:57:47 PM,A07_091,T05,167.167167,34.097842,A07_091T05_9000003584::,SDSSJ110840+340552,uvit1
632,5/21/2020 0:00,8:29:54 PM,A07_091,T03,325.73325,-30.132753,A07_091T03_9000003678::,6dFGSgJ214256-300758,uvit1
434,10/21/2019 0:00,1:35:25 PM,A07_094,T01,352.967412,19.937264,A07_094T01_9000003248::,EQ Peg,sxt
637,5/27/2020 0:00,2:21:36 AM,A07_097,T01,345.815308,8.873689,A07_097T01_9000003692::,NGC7469,sxt
431,10/17/2019 0:00,9:18:58 AM,A07_100,T03,93.90125,71.0375,A07_100T03_9000003242::,Mrk 3,sxt
537,1/28/2020 0:00,9:34:11 PM,A07_100,T02,213.29125,-65.339167,A07_100T02_9000003470::,Circinus Galaxy,sxt
540,1/31/2020 0:00,5:53:34 PM,A07_100,T02,213.29125,-65.339167,A07_100T02_9000003476::,Circinus Galaxy,sxt
486,12/4/2019 0:00,9:55:33 AM,A07_112,T01,182.32375,29.9275,A07_112T01_9000003360::,NGC4136,uvit1
541,2/1/2020 0:00,9:39:10 PM,A07_112,T01,182.32375,29.9275,A07_112T01_9000003478::,NGC4136,uvit1
542,2/2/2020 0:00,3:21:04 PM,A07_112,T02,187.184167,43.224167,A07_112T02_9000003480::,UGC7608,uvit1
564,2/20/2020 0:00,11:33:48 PM,A07_113,T01,254.457542,35.342333,A07_113T01_9000003526::,Her X-1,uvit1
426,10/13/2019 0:00,6:50:22 PM,A07_118,T01,296.254167,-14.815278,A07_118T01_9000003232::,NGC6822,uvit1
592,3/21/2020 0:00,6:04:33 PM,A07_118,T01,296.254167,-14.815278,A07_118T01_9000003586::,NGC6822,uvit1
532,1/25/2020 0:00,3:55:48 PM,A07_127,T02,9.016667,23.957778,A07_127T02_9000003460::,NGC 160,uvit1
536,1/28/2020 0:00,8:36:38 AM,A07_127,T01,192.095417,8.4875,A07_127T01_9000003468::,NGC 4698,uvit1
624,5/12/2020 0:00,9:32:06 AM,A07_127,T03,341.515417,-11.001111,A07_127T03_9000003662::,NGC 7371,uvit1
656,6/24/2020 0:00,12:47:53 AM,A07_127,T03,341.515417,-11.001111,A07_127T03_9000003732::,NGC 7371,uvit1
433,10/20/2019 0:00,6:12:41 PM,A07_130,T01,9.260667,39.972361,A07_130T01_9000003246::,M31-I,uvit1
438,10/25/2019 0:00,3:25:33 PM,A07_134,T01,337.759125,-20.797992,A07_134T01_9000003256::,NGC 7293,uvit1
449,11/4/2019 0:00,12:20:32 PM,A07_134,T02,112.26125,13.246778,A07_134T02_9000003282::,PN A66 21,uvit1
583,3/14/2020 0:00,4:06:29 PM,A07_134,T02,112.26125,13.246778,A07_134T02_9000003568::,PN A66 21,uvit1
628,5/14/2020 0:00,7:41:25 PM,A07_134,T03,307.888333,-7.088333,A07_134T03_9000003670::,PN A66 70,uvit1
527,1/21/2020 0:00,3:42:03 PM,A07_135,T02,245.731375,15.76971,A07_135T02_9000003450::,dg_02,uvit1
528,1/22/2020 0:00,11:00:04 PM,A07_135,T01,162.418733,9.006449,A07_135T01_9000003452::,dg_01,uvit1
509,1/5/2020 0:00,7:47:15 PM,A07_138,T05,216.239708,24.25495,A07_138T05_9000003410::,J142457.53+241517.82,uvit1
510,1/6/2020 0:00,9:03:53 AM,A07_138,T03,182.348458,62.165544,A07_138T03_9000003412::,J120923.63+620955.96,uvit1
530,1/23/2020 0:00,1:29:33 PM,A07_138,T06,217.629958,52.707178,A07_138T06_9000003456::,J143031.19+524225.84,uvit1
531,1/23/2020 0:00,7:45:19 PM,A07_138,T09,251.97875,44.562514,A07_138T09_9000003458::,J164754.90+443345.05,uvit1
533,1/27/2020 0:00,11:25:32 AM,A07_138,T04,201.768167,48.326756,A07_138T04_9000003462::,J132704.36+481936.32,uvit1
534,1/27/2020 0:00,4:25:27 PM,A07_138,T02,166.767375,45.822117,A07_138T02_9000003464::,J110704.17+454919.62,uvit1
535,1/27/2020 0:00,10:50:49 PM,A07_138,T01,165.638958,22.753811,A07_138T01_9000003466::,J110233.35+224513.71,uvit1
571,2/27/2020 0:00,3:01:10 AM,A07_142,T01,262.3,-36.686667,A07_142T01_9000003540::,G351.7-1.2,sxt
476,11/24/2019 0:00,2:25:24 AM,A07_144,T02,183.479583,22.8,A07_144T02_9000003340::,Blank Sky,czt1
596,3/26/2020 0:00,1:04:46 PM,A07_145,T01,253.467571,39.760169,A07_145T01_9000003594::,Mrk 501,sxt
700,8/21/2020 0:00,5:53:50 AM,A07_146,T01,57.346583,-11.990833,A07_146T01_9000003828::,1ES 0347-121,uvit1
610,4/26/2020 0:00,10:48:46 PM,A07_147,T01,190.99,16.381667,A07_147T01_9000003624::,3C 275.1,uvit1
651,6/16/2020 0:00,8:11:20 AM,A07_147,T01,190.99,16.381667,A07_147T01_9000003722::,3C 275.1,uvit1
479,11/29/2019 0:00,5:00:34 AM,A07_148,T05,174.12125,21.59639,A07_148T05_9000003346::,ngc 3758,uvit1
516,1/10/2020 0:00,7:02:42 AM,A07_148,T05,174.12125,21.59639,A07_148T05_9000003424::,ngc 3758,uvit1
539,1/30/2020 0:00,3:03:49 PM,A07_148,T02,203.669875,-23.445889,A07_148T02_9000003474::,ESO 509-IG 066 NED 02,uvit1
654,6/22/2020 0:00,11:54:59 AM,A07_148,T02,203.669875,-23.445889,A07_148T02_9000003728::,ESO 509-IG 066 NED 02,uvit1
443,10/27/2019 0:00,12:44:24 PM,A07_149,T01,49.566667,-66.498333,A07_149T01_9000003266::,NGC 1313,uvit1
460,11/13/2019 0:00,3:22:48 PM,A07_149,T01,49.566667,-66.498333,A07_149T01_9000003304::,NGC 1313,uvit1
568,2/25/2020 0:00,1:48:40 PM,A07_149,T01,49.566667,-66.498333,A07_149T01_9000003534::,NGC 1313,uvit1
435,10/23/2019 0:00,6:13:49 AM,A07_153,T02,67,-47.91275,A07_153T02_9000003250::,ESO,sxt
548,2/12/2020 0:00,9:02:04 AM,A07_160,T07,184.6105,29.812917,A07_160T07_9000003494::,Mrk766,uvit1
589,3/19/2020 0:00,11:39:04 PM,A07_160,T05,141.303542,52.286222,A07_160T05_9000003580::,Mrk110,uvit1
578,3/5/2020 0:00,12:38:25 PM,A07_165,T01,236.72,-78.214194,A07_165T01_9000003558::,Sunburst Arc,uvit1
442,10/26/2019 0:00,6:46:43 PM,A07_167,T01,81.707967,-66.095275,A07_167T01_9000003264::,N49 N49B,uvit1
636,5/24/2020 0:00,9:22:36 PM,A07_171,T02,201.392,-54.245314,A07_171T02_9000003686::,DY Cen,uvit1
477,11/26/2019 0:00,8:21:48 PM,A08_003,T01,186.356325,16.470006,A08_003T01_9000003342::,VCC801,uvit1
517,1/11/2020 0:00,1:36:53 AM,A08_003,T05,185.728883,15.822304,A08_003T05_9000003426::,VCC596,uvit1
613,5/1/2020 0:00,2:25:16 PM,A08_003,T02,188.332383,12.853547,A08_003T02_9000003630::,VCC1499,uvit1
614,5/1/2020 0:00,10:47:02 PM,A08_003,T03,186.860433,11.107662,A08_003T03_9000003632::,VCC1003,uvit1
615,5/2/2020 0:00,1:21:33 PM,A08_003,T04,184.706771,14.416489,A08_003T04_9000003634::,VCC307,uvit1
616,5/2/2020 0:00,9:22:13 PM,A08_003,T06,189.207567,13.162869,A08_003T06_9000003636::,VCC1690,uvit1
617,5/3/2020 0:00,12:12:41 PM,A08_003,T08,190.895833,13.12635,A08_003T08_9000003638::,VCC1987,uvit1
621,5/11/2020 0:00,8:10:13 AM,A08_003,T17,187.737967,11.483531,A08_003T17_9000003656::,VCC1326,uvit1
622,5/11/2020 0:00,4:22:18 PM,A08_003,T18,190.355879,13.729414,A08_003T18_9000003658::,VCC1878,uvit1
631,5/21/2020 0:00,11:42:41 AM,A08_003,T16,188.173933,14.051614,A08_003T16_9000003676::,VCC1450,uvit1
506,12/29/2019 0:00,9:21:48 AM,A08_004,T03,4.958022,21.947824,A08_004T03_9000003400::,RX J0019.8+2156,sxt
522,1/15/2020 0:00,2:49:34 AM,A08_004,T02,69.956833,-68.150389,A08_004T02_9000003436::,RX J0439.8-6809,sxt
523,1/15/2020 0:00,1:31:32 PM,A08_004,T03,4.958022,21.947824,A08_004T03_9000003438::,RX J0019.8+2156,sxt
549,2/12/2020 0:00,6:50:52 PM,A08_004,T02,69.956833,-68.150389,A08_004T02_9000003496::,RX J0439.8-6809,sxt
487,12/5/2019 0:00,3:32:20 PM,A08_007,T01,161.264733,-59.684459,A08_007T01_9000003362::,eta carina,sxt
511,1/6/2020 0:00,1:56:04 PM,A08_008,T01,84.911788,-69.743204,A08_008T01_9000003414::,LMC X-1,sxt
519,1/12/2020 0:00,8:53:45 PM,A08_008,T02,84.734579,-64.084168,A08_008T02_9000003430::,LMC X-3,sxt
597,3/31/2020 0:00,6:37:00 PM,A08_008,T01,84.911788,-69.743204,A08_008T01_9000003596::,LMC X-1,sxt
497,12/22/2019 0:00,12:41:04 AM,A08_009,T01,189.2125,62.294075,A08_009T01_9000003382::,GOODS-North,uvit1
501,12/25/2019 0:00,4:21:33 PM,A08_009,T01,189.2125,62.294075,A08_009T01_9000003390::,GOODS-North,uvit1
515,1/9/2020 0:00,12:35:16 AM,A08_009,T01,189.2125,62.294075,A08_009T01_9000003422::,GOODS-North,uvit1
521,1/14/2020 0:00,1:10:00 AM,A08_009,T01,189.2125,62.294075,A08_009T01_9000003434::,GOODS-North,uvit1
559,2/17/2020 0:00,10:27:19 PM,A08_009,T01,189.2125,62.294075,A08_009T01_9000003516::,GOODS-North,uvit1
641,5/31/2020 0:00,10:06:15 PM,A09_006,T01,211.108021,-17.227931,A09_006T01_9000003700::,PN G326.7+42.2,uvit1
658,6/26/2020 0:00,12:12:04 PM,A09_006,T05,178.253667,-42.234389,A09_006T05_9000003736::,PN G291.4+19.2,uvit1
659,6/26/2020 0:00,6:11:35 PM,A09_006,T04,158.742542,-29.094472,A09_006T04_9000003738::,PN G270.1+24.8,uvit1
652,6/18/2020 0:00,4:55:20 PM,A09_008,T05,226.005004,10.43782,A09_008T05_9000003724::,Mrk 841,uvit1
663,6/28/2020 0:00,3:46:21 PM,A09_008,T03,214.843417,-26.644722,A09_008T03_9000003746::,ESO 511-G030,uvit1
664,6/29/2020 0:00,11:02:50 PM,A09_008,T06,14.972,31.826909,A09_008T06_9000003748::,Mrk 352,uvit1
687,8/9/2020 0:00,8:09:44 AM,A09_008,T02,66.503017,-57.20027,A09_008T02_9000003796::,1H 0419-577,uvit1
678,7/31/2020 0:00,7:43:42 PM,A09_012,T01,37.15875,-73.874139,A09_012T01_9000003778::,MB_tile_1,uvit1
679,7/31/2020 0:00,10:52:51 PM,A09_012,T02,33.2625,-74.081028,A09_012T02_9000003780::,MB_tile_2,uvit1
680,8/1/2020 0:00,8:19:13 AM,A09_012,T03,29.504167,-74.237472,A09_012T03_9000003782::,MB_tile_3,uvit1
681,8/1/2020 0:00,11:39:07 AM,A09_012,T04,27.872083,-74.240472,A09_012T04_9000003784::,MB_tile_4,uvit1
657,6/24/2020 0:00,7:22:04 PM,A09_013,T02,241.8875,54.641944,A09_013T02_9000003734::,P_02,uvit1
660,6/27/2020 0:00,12:38:42 AM,A09_016,T03,209.223417,10.525225,A09_016T03_9000003740::,J1356+1026,uvit1
661,6/27/2020 0:00,10:22:58 AM,A09_016,T04,217.625,13.653333,A09_016T04_9000003742::,J1430+1339,uvit1
677,7/25/2020 0:00,8:38:37 PM,A09_018,T01,262.934042,-16.961361,A09_018T01_9000003774::,GX 9+9,laxpc2
642,6/1/2020 0:00,9:42:48 AM,A09_022,T01,219.750875,64.291661,A09_022T01_9000003702::,EK Draconis,sxt
638,5/30/2020 0:00,12:44:11 AM,A09_027,T01,150.751458,68.824064,A09_027T01_9000003694::,NGC3077,uvit1
639,5/30/2020 0:00,8:06:19 PM,A09_027,T02,149.975792,68.638019,A09_027T02_9000003696::,SES,uvit1
665,7/2/2020 0:00,1:10:00 AM,A09_033,T01,315.757692,-14.260025,A09_033T01_9000003750::,PGC065981,uvit1
671,7/21/2020 0:00,8:02:42 AM,A09_033,T02,12.196421,31.956968,A09_033T02_9000003762::,NGC262,uvit1
688,8/12/2020 0:00,2:04:26 AM,A09_038,T02,10.4706,-73.382918,A09_038T02_9000003798::,SMC-02,uvit1
689,8/12/2020 0:00,5:47:13 AM,A09_038,T03,10.841592,-73.030698,A09_038T03_9000003800::,SMC-03,uvit1
690,8/12/2020 0:00,7:48:53 AM,A09_038,T04,11.4887,-72.731306,A09_038T04_9000003802::,SMC-04,uvit1
701,8/21/2020 0:00,1:58:53 PM,A09_038,T05,12.114308,-72.429906,A09_038T05_9000003830::,SMC-05,uvit1
702,8/21/2020 0:00,4:25:52 PM,A09_038,T06,12.719367,-72.126596,A09_038T06_9000003832::,SMC-06,uvit1
708,8/26/2020 0:00,10:44:22 PM,A09_038,T10,12.07785,-73.04092,A09_038T10_9000003844::,SMC-10,uvit1
714,9/9/2020 0:00,4:25:39 PM,A09_038,T08,10.757621,-73.641332,A09_038T08_9000003856::,SMC-08,uvit1
715,9/9/2020 0:00,6:15:00 PM,A09_038,T07,13.3048,-71.821469,A09_038T07_9000003858::,SMC-07,uvit1
716,9/9/2020 0:00,7:59:55 PM,A09_038,T09,11.429308,-73.342168,A09_038T09_9000003860::,SMC-09,uvit1
724,9/17/2020 0:00,3:39:00 PM,A09_038,T10,12.07785,-73.04092,A09_038T10_9000003876::,SMC-10,uvit1
725,9/17/2020 0:00,5:55:36 PM,A09_038,T11,12.704317,-72.737694,A09_038T11_9000003878::,SMC-11,uvit1
726,9/17/2020 0:00,7:23:56 PM,A09_038,T12,13.309729,-72.43259,A09_038T12_9000003880::,SMC-12,uvit1
727,9/17/2020 0:00,9:09:05 PM,A09_038,T21,15.070171,-72.117741,A09_038T21_9000003882::,SMC-21,uvit1
728,9/17/2020 0:00,10:37:38 PM,A09_038,T17,12.688158,-73.348788,A09_038T17_9000003884::,SMC-17,uvit1
731,9/19/2020 0:00,5:56:07 AM,A09_038,T18,13.315017,-73.0437,A09_038T18_9000003890::,SMC-18,uvit1
732,9/19/2020 0:00,8:01:31 AM,A09_038,T19,13.920304,-72.736767,A09_038T19_9000003892::,SMC-19,uvit1
748,10/31/2020 0:00,8:43:17 AM,A09_038,T15,15.009021,-71.506913,A09_038T15_9000003936::,SMC-15,uvit1
749,10/31/2020 0:00,10:31:18 AM,A09_038,T16,12.038654,-73.651933,A09_038T16_9000003938::,SMC-16,uvit1
750,10/31/2020 0:00,12:16:08 PM,A09_038,T20,14.505033,-72.428086,A09_038T20_9000003940::,SMC-20,uvit1
751,10/31/2020 0:00,2:00:57 PM,A09_038,T22,15.616629,-71.805817,A09_038T22_9000003942::,SMC-22,uvit1
752,10/31/2020 0:00,3:29:34 PM,A09_038,T23,13.320704,-73.654816,A09_038T23_9000003944::,SMC-23,uvit1
753,10/31/2020 0:00,5:14:17 PM,A09_038,T25,14.552054,-73.039034,A09_038T25_9000003946::,SMC-25,uvit1
754,10/31/2020 0:00,6:42:29 PM,A09_038,T26,15.135671,-72.728528,A09_038T26_9000003948::,SMC-26,uvit1
755,10/31/2020 0:00,7:54:09 PM,A09_038,T27,15.699283,-72.416398,A09_038T27_9000003950::,SMC-27,uvit1
756,10/31/2020 0:00,9:35:08 PM,A09_038,T28,16.243854,-72.102726,A09_038T28_9000003952::,SMC-28,uvit1
757,10/31/2020 0:00,11:20:08 PM,A09_038,T29,16.770275,-71.787588,A09_038T29_9000003954::,SMC-29,uvit1
759,11/2/2020 0:00,1:16:38 PM,A09_038,T30,14.602604,-73.649978,A09_038T30_9000003958::,SMC-30,uvit1
760,11/2/2020 0:00,2:41:29 PM,A09_038,T31,15.205996,-73.339289,A09_038T31_9000003960::,SMC-31,uvit1
761,11/2/2020 0:00,4:09:49 PM,A09_038,T32,15.787917,-73.026929,A09_038T32_9000003962::,SMC-32,uvit1
762,11/2/2020 0:00,5:55:09 PM,A09_038,T14,14.461187,-71.817115,A09_038T14_9000003964::,SMC-14,uvit1
763,11/2/2020 0:00,7:23:09 PM,A09_038,T13,13.89505,-72.125701,A09_038T13_9000003966::,SMC-13,uvit1
764,11/2/2020 0:00,8:36:55 PM,A09_038,T24,13.947421,-73.347828,A09_038T24_9000003968::,SMC-24,uvit1
765,11/2/2020 0:00,10:21:51 PM,A09_038,T33,16.349438,-72.712987,A09_038T33_9000003970::,SMC-33,uvit1
769,11/10/2020 0:00,8:55:11 AM,A09_038,T36,15.883196,-73.637423,A09_038T36_9000003978::,SMC-36,uvit1
770,11/10/2020 0:00,11:00:29 AM,A09_038,T37,16.462783,-73.323182,A09_038T37_9000003980::,SMC-37,uvit1
771,11/10/2020 0:00,12:28:49 PM,A09_038,T38,16.371613,-72.983569,A09_038T38_9000003982::,SMC-38,uvit1
772,11/10/2020 0:00,2:13:53 PM,A09_038,T39,17.543858,-72.622015,A09_038T39_9000003984::,SMC-39,uvit1
773,11/10/2020 0:00,3:42:17 PM,A09_038,T41,17.7167,-73.299528,A09_038T41_9000003986::,SMC-41,uvit1
776,11/14/2020 0:00,2:31:29 AM,A09_038,T42,18.966675,-73.268358,A09_038T42_9000003992::,SMC-42,uvit1
777,11/14/2020 0:00,5:15:35 AM,A09_038,T43,19.70565,-73.553693,A09_038T43_9000003994::,SMC-43,uvit1
778,11/14/2020 0:00,7:02:42 AM,A09_038,T44,20.211654,-73.229714,A09_038T44_9000003996::,SMC-44,uvit1
779,11/14/2020 0:00,9:04:25 AM,A09_038,T45,20.969629,-73.510553,A09_038T45_9000003998::,SMC-45,uvit1
781,11/15/2020 0:00,6:50:54 PM,A09_038,T46,21.450617,-73.183644,A09_038T46_9000004002::,SMC-46,uvit1
782,11/15/2020 0:00,8:24:01 PM,A09_038,T47,22.226725,-73.459887,A09_038T47_9000004004::,SMC-47,uvit1
783,11/15/2020 0:00,10:06:43 PM,A09_038,T35,17.415212,-72.080672,A09_038T35_9000004006::,SMC-35,uvit1
784,11/16/2020 0:00,1:21:33 AM,A09_038,T34,16.891554,-72.397542,A09_038T34_9000004008::,SMC-34,uvit1
786,11/16/2020 0:00,11:00:03 AM,A09_038,T40,18.080917,-72.371539,A09_038T40_9000004012::,SMC-40,uvit1
653,6/19/2020 0:00,8:50:10 PM,A09_043,T02,160.990417,11.703806,A09_043T02_9000003726::,NGC 3351,uvit1
662,6/27/2020 0:00,1:43:34 PM,A09_043,T01,204.25375,-29.865417,A09_043T01_9000003744::,NGC 5236,uvit1
685,8/7/2020 0:00,11:22:58 PM,A09_044,T01,257.226958,-44.102042,A09_044T01_9000003792::,4U 1705-44,laxpc2
694,8/14/2020 0:00,9:32:02 PM,A09_044,T02,274.005787,-14.036283,A09_044T02_9000003814::,GX 17+2,laxpc2
712,9/8/2020 0:00,8:45:40 PM,A09_044,T02,274.005787,-14.036283,A09_044T02_9000003852::,GX 17+2,laxpc2
730,9/18/2020 0:00,3:02:38 PM,A09_044,T01,257.226958,-44.102042,A09_044T01_9000003888::,4U 1705-44,laxpc2
648,6/9/2020 0:00,3:53:46 PM,A09_047,T01,139.006208,-36.627056,A09_047T01_9000003714::,NGC 2818,uvit1
698,8/18/2020 0:00,11:18:47 AM,A09_056,T01,277.382421,48.746155,A09_056T01_9000003824::,3C 380,uvit1
647,6/7/2020 0:00,10:01:28 PM,A09_057,T04,348.702083,-43.599944,A09_057T04_9000003712::,NGC 7531,uvit1
644,6/3/2020 0:00,2:58:24 PM,A09_059,T01,214.766667,52.87,A09_059T01_9000003706::,EGS,uvit1
645,6/6/2020 0:00,8:11:22 AM,A09_061,T02,204.896083,-67.381044,A09_061T02_9000003708::,PN MyCn18,uvit1
684,8/4/2020 0:00,1:20:42 AM,A09_079,T03,52.8,43.904278,A09_079T03_9000003790::,GK Per,sxt
718,9/10/2020 0:00,9:51:11 AM,A09_079,T01,85.889583,-68.373056,A09_079T01_9000003864::,CAL83,sxt
655,6/23/2020 0:00,2:01:27 PM,A09_081,T01,200.324221,42.587606,A09_081T01_9000003730::,3C 285,uvit1
649,6/11/2020 0:00,4:02:50 PM,A09_085,T02,129.3125,-29.955,A09_085T02_9000003716::,NGC 2627,uvit1
672,7/22/2020 0:00,4:25:06 PM,A09_085,T03,33.679208,59.485,A09_085T03_9000003764::,Stock 2,uvit1
693,8/12/2020 0:00,5:39:16 PM,A09_088,T01,48.067542,-55.216222,A09_088T01_9000003808::,NGC 1261,uvit1
706,8/24/2020 0:00,3:30:23 PM,A09_095,T02,80.116833,-71.964806,A09_095T02_9000003840::,LMC X-2,sxt
709,8/27/2020 0:00,1:42:53 AM,A09_095,T02,80.116833,-71.964806,A09_095T02_9000003846::,LMC X-2,sxt
646,6/6/2020 0:00,4:15:06 PM,A09_104,T01,305.378054,40.446122,A09_104T01_9000003710::,PSR J2021+4026,laxpc2
699,8/19/2020 0:00,8:05:49 PM,A09_104,T02,273.349021,-12.766953,A09_104T02_9000003826::,PSR J1813-1246,laxpc2
674,7/24/2020 0:00,1:47:21 PM,A09_113,T01,248.699583,-47.3,A09_113T01_9000003768::,4U 1630-472,laxpc2
703,8/21/2020 0:00,11:33:53 PM,A09_120,T02,83.633083,22.0145,A09_120T02_9000003834::,Crab,laxpc1
738,9/26/2020 0:00,5:03:06 PM,A09_120,T02,83.633083,22.0145,A09_120T02_9000003904::,Crab,laxpc1
676,7/25/2020 0:00,9:13:22 AM,A09_126,T01,257.636042,-36.017147,A09_126T01_9000003772::,IGR J17091-3624,laxpc2
695,8/15/2020 0:00,11:33:05 AM,A09_127,T01,217.1505,46.12,A09_127T01_9000003816::,Fil_01,uvit1
696,8/16/2020 0:00,7:09:29 AM,A09_127,T02,216.6,46.8,A09_127T02_9000003818::,Fil_02,uvit1
697,8/16/2020 0:00,8:14:24 PM,A09_127,T03,215.85,46.1,A09_127T03_9000003820::,Fil_03,uvit1
734,9/19/2020 0:00,3:25:40 PM,A09_134,T01,251.44875,-45.611111,A09_134T01_9000003896::,GX 340+0,laxpc2
673,7/23/2020 0:00,3:08:40 PM,A09_142,T01,210.190917,59.3287,A09_142T01_9000003766::,MRK799,uvit1
686,8/8/2020 0:00,12:24:17 PM,A09_143,T03,45.414917,-8.112556,A09_143T03_9000003794::,T03,uvit1
691,8/12/2020 0:00,9:50:54 AM,A09_143,T05,238.818375,35.723514,A09_143T05_9000003804::,T05,uvit1
692,8/12/2020 0:00,3:38:20 PM,A09_143,T08,244.177667,20.955586,A09_143T08_9000003806::,T08,uvit1
710,8/29/2020 0:00,8:10:01 PM,A09_145,T01,83.633083,22.0145,A09_145T01_9000003848::,Crab,czt1
713,9/9/2020 0:00,10:43:24 AM,A09_145,T01,83.633083,22.0145,A09_145T01_9000003854::,Crab,czt1
719,9/13/2020 0:00,2:10:49 AM,A09_145,T01,83.633083,22.0145,A09_145T01_9000003866::,Crab,czt1
721,9/15/2020 0:00,11:30:59 PM,A09_145,T01,83.633083,22.0145,A09_145T01_9000003870::,Crab,czt1
736,9/23/2020 0:00,12:29:21 PM,A09_145,T01,83.633083,22.0145,A09_145T01_9000003900::,Crab,czt1
667,7/3/2020 0:00,9:44:31 AM,A09_147,T01,351.2,-40.66,A09_147T01_9000003754::,1ES 2322-409,sxt
780,11/14/2020 0:00,11:05:13 AM,A10_002,T05,11.037,41.557347,A10_002T05_9000004000::,M31 Field No. 2,uvit1
791,11/20/2020 0:00,12:22:14 PM,A10_002,T04,10.710708,41.250228,A10_002T04_9000004022::,M31 Field No. 1,uvit1
792,11/21/2020 0:00,9:01:51 PM,A10_002,T05,11.037,41.557347,A10_002T05_9000004024::,M31 Field No. 2,uvit1
787,11/16/2020 0:00,1:02:55 PM,A10_009,T02,21.742062,-32.543177,A10_009T02_9000004014::,R Scl,uvit1
788,11/16/2020 0:00,9:10:56 PM,A10_016,T01,174.811967,17.143669,A10_016T01_9000004016::,UGC6614,uvit1
789,11/18/2020 0:00,1:43:30 PM,A10_016,T02,40.099863,-8.433544,A10_016T02_9000004018::,NGC1042,uvit1
797,11/27/2020 0:00,12:02:58 PM,A10_016,T01,174.811967,17.143669,A10_016T01_9000004034::,UGC6614,uvit1
798,11/28/2020 0:00,8:24:38 PM,A10_021,T02,71.427083,-59.247181,A10_021T02_9000004036::,NGC 1672,uvit1
799,11/29/2020 0:00,4:17:42 AM,A10_021,T03,160.990417,11.703806,A10_021T03_9000004038::,NGC 3351,uvit1
801,12/2/2020 0:00,5:08:34 PM,A10_021,T01,41.579375,-30.274889,A10_021T01_9000004044::,NGC 1097,uvit1
836,1/16/2021 0:00,9:24:53 PM,A10_021,T04,185.3865,14.606167,A10_021T04_9000004116::,NGC 4298,uvit1
837,1/18/2021 0:00,12:57:20 AM,A10_021,T08,191.8,13.900356,A10_021T08_9000004118::,NGC 4689,uvit1
870,2/19/2021 0:00,12:26:51 PM,A10_021,T08,191.8,13.900356,A10_021T08_9000004186::,NGC 4689,uvit1
881,2/26/2021 0:00,6:53:20 AM,A10_021,T10,287.442083,-63.857528,A10_021T10_9000004210::,NGC 6744,uvit1
785,11/16/2020 0:00,4:27:40 AM,A10_024,T01,334.9625,-48.711111,A10_024T01_9000004010::,GW Candidate Transient,uvit1
793,11/23/2020 0:00,11:53:18 AM,A10_024,T01,334.9625,-48.711111,A10_024T01_9000004026::,GW Candidate Transient,uvit1
810,12/9/2020 0:00,11:17:43 AM,A10_024,T01,334.9625,-48.711111,A10_024T01_9000004062::,GW Candidate Transient,uvit1
802,12/3/2020 0:00,12:38:21 AM,A10_045,T01,25.76,13.645056,A10_045T01_9000004046::,NGC 660,uvit1
803,12/3/2020 0:00,8:59:17 AM,A10_045,T02,37.083792,-31.881028,A10_045T02_9000004048::,MCG-05-07-001,uvit1
805,12/4/2020 0:00,5:44:22 PM,A10_045,T03,159.862042,47.947111,A10_045T03_9000004052::,UGC 5791,uvit1
812,12/10/2020 0:00,11:24:55 AM,A10_045,T04,177.900192,16.664286,A10_045T04_9000004066::,LEDA 37112,uvit1
815,12/15/2020 0:00,12:36:06 AM,A10_045,T09,222.810042,35.542269,A10_045T09_9000004072::,UGC 9562,uvit1
821,12/27/2020 0:00,12:41:31 PM,A10_045,T05,197.524333,34.181111,A10_045T05_9000004086::,SDSSCGB 6435.1,uvit1
832,1/10/2021 0:00,9:02:50 PM,A10_045,T06,211.228042,12.704689,A10_045T06_9000004108::,Mrk 803,uvit1
833,1/13/2021 0:00,12:15:36 PM,A10_045,T07,211.223833,12.721694,A10_045T07_9000004110::,UGC 9002,uvit1
880,2/24/2021 0:00,2:31:05 PM,A10_045,T08,220.329917,7.792994,A10_045T08_9000004208::,LEDA 84268,uvit1
790,11/19/2020 0:00,2:11:28 AM,A10_048,T08,334.12125,-21.430694,A10_048T08_9000004020::,IC 1438,uvit1
794,11/23/2020 0:00,7:53:41 PM,A10_048,T01,23.575833,-29.4185,A10_048T01_9000004028::,NGC 0613,uvit1
795,11/24/2020 0:00,8:07:50 PM,A10_048,T06,356.965417,-30.522,A10_048T06_9000004030::,NGC 7755,uvit1
804,12/3/2020 0:00,3:19:24 PM,A10_048,T02,41.579583,-30.274889,A10_048T02_9000004050::,NGC 1097,uvit1
853,2/4/2021 0:00,11:55:28 AM,A10_048,T03,197.202917,-6.7775,A10_048T03_9000004154::,NGC 4981,uvit1
871,2/19/2021 0:00,5:05:36 PM,A10_048,T07,186.481667,18.213889,A10_048T07_9000004188::,NGC 4394,uvit1
796,11/26/2020 0:00,6:17:25 AM,A10_049,T01,66.502958,-57.200492,A10_049T01_9000004032::,1H 0419-577,sxt
824,1/2/2021 0:00,4:42:25 PM,A10_050,T06,124.595833,-11.19415,A10_050T06_9000004092::,UCAC2 27827162,uvit1
882,2/26/2021 0:00,6:20:25 PM,A10_050,T01,272.68275,-27.963917,A10_050T01_9000004212::,AS281,uvit1
884,2/28/2021 0:00,5:31:31 PM,A10_050,T03,272.462708,-27.766858,A10_050T03_9000004216::,IRAS 18067-2746,uvit1
872,2/20/2021 0:00,4:34:08 PM,A10_053,T19,49.897333,-32.846167,A10_053T19_9000004190::,BMP19,uvit1
873,2/20/2021 0:00,7:08:39 PM,A10_053,T34,48.724083,-14.731889,A10_053T34_9000004192::,BMP40,uvit1
874,2/21/2021 0:00,4:53:23 AM,A10_053,T41,112.672708,24.085167,A10_053T41_9000004194::,BMP49,uvit1
876,2/21/2021 0:00,10:23:24 AM,A10_053,T43,205.43575,47.690694,A10_053T43_9000004198::,BMP51,uvit1
806,12/5/2020 0:00,9:45:01 AM,A10_057,T02,110.755833,36.35475,A10_057T02_9000004054::,J0723+3621,uvit1
809,12/8/2020 0:00,12:37:58 AM,A10_057,T05,135.100417,25.614806,A10_057T05_9000004060::,UGC 4722,uvit1
822,12/28/2020 0:00,1:25:00 PM,A10_058,T13,17.033625,-15.511869,A10_058T13_9000004088::,JO23,uvit1
828,1/5/2021 0:00,12:46:43 PM,A10_058,T09,10.520912,-9.534464,A10_058T09_9000004100::,JO200,uvit1
868,2/13/2021 0:00,8:41:58 PM,A10_063,T01,211.591208,22.396254,A10_063T01_9000004182::,PG 1404+226,sxt
850,1/30/2021 0:00,5:02:52 PM,A10_064,T01,35.3775,39.366111,A10_064T01_9000004144::,arp 273,uvit1
899,3/11/2021 0:00,9:17:12 PM,A10_064,T03,289.625,-60.498889,A10_064T03_9000004246::,VV 304,uvit1
800,11/29/2020 0:00,3:54:21 PM,A10_065,T03,46.01,-12.07,A10_065T03_9000004040::,Cluster 3,sxt
817,12/18/2020 0:00,3:21:48 AM,A10_067,T01,133.703646,20.108511,A10_067T01_9000004076::,oj287,sxt
807,12/6/2020 0:00,11:47:26 AM,A10_073,T01,96.3175,73.577472,A10_073T01_9000004056::,MU Cam,sxt
808,12/7/2020 0:00,7:55:27 PM,A10_073,T04,175.909583,71.688806,A10_073T04_9000004058::,YY Dra,sxt
813,12/12/2020 0:00,6:50:28 PM,A10_073,T05,129.544583,48.634444,A10_073T05_9000004068::,EI UMa,sxt
834,1/14/2021 0:00,2:31:20 PM,A10_073,T08,81.34375,24.2255,A10_073T08_9000004112::,J0525+24,sxt
854,2/5/2021 0:00,3:40:41 PM,A10_073,T06,99.135417,35.595361,A10_073T06_9000004156::,V647 Aur,sxt
855,2/6/2021 0:00,6:21:53 AM,A10_073,T06,99.135417,35.595361,A10_073T06_9000004156::,V647 Aur,sxt
851,2/2/2021 0:00,9:11:43 PM,A10_082,T04,241.110625,40.683042,A10_082T04_9000004150::,NGC 6058,uvit1
883,2/28/2021 0:00,9:13:48 AM,A10_083,T01,274.281375,-56.023356,A10_083T01_9000004214::,QV Tel (HR 6819),laxpc2
811,12/9/2020 0:00,7:14:50 PM,A10_090,T14,351.473333,42.535,A10_090T14_9000004064::,NGC7662,uvit1
814,12/14/2020 0:00,11:10:27 AM,A10_090,T16,269.639183,66.632986,A10_090T16_9000004070::,NGC6543,uvit1
842,1/21/2021 0:00,6:26:58 PM,A10_093,T01,80.48575,43.989444,A10_093T01_9000004128::,2MASSJ05215658+4359220,uvit1
859,2/11/2021 0:00,9:39:06 AM,A10_094,T20,84.395425,-70.194733,A10_094T20_9000004164::,LMC-20,uvit1
860,2/11/2021 0:00,11:36:03 AM,A10_094,T21,85.457556,-70.170906,A10_094T21_9000004166::,LMC-21,uvit1
861,2/11/2021 0:00,1:04:23 PM,A10_094,T22,86.516968,-70.140823,A10_094T22_9000004168::,LMC-22,uvit1
863,2/12/2021 0:00,11:28:05 AM,A10_094,T19,83.331199,-70.212284,A10_094T19_9000004172::,LMC-19,uvit1
864,2/12/2021 0:00,1:22:09 PM,A10_094,T18,82.265509,-70.223543,A10_094T18_9000004174::,LMC-18,uvit1
865,2/12/2021 0:00,3:07:09 PM,A10_094,T17,81.198998,-70.228499,A10_094T17_9000004176::,LMC-17,uvit1
875,2/21/2021 0:00,8:14:46 AM,A10_094,T71,87.203075,-68.889408,A10_094T71_9000004196::,LMC-71,uvit1
894,3/9/2021 0:00,8:31:16 PM,A10_094,T01,76.339345,-70.477508,A10_094T01_9000004236::,LMC-01,uvit1
895,3/9/2021 0:00,10:10:38 PM,A10_094,T02,77.417499,-70.50125,A10_094T02_9000004238::,LMC-02,uvit1
898,3/11/2021 0:00,7:50:13 PM,A10_094,T05,80.66219,-70.534169,A10_094T05_9000004244::,LMC-05,uvit1
900,3/13/2021 0:00,1:50:16 AM,A10_094,T06,81.744937,-70.532339,A10_094T06_9000004248::,LMC-06,uvit1
862,2/11/2021 0:00,2:56:52 PM,A10_097,T04,162.097917,-25.162056,A10_097T04_9000004170::,NGC 3393,uvit1
869,2/15/2021 0:00,12:38:56 PM,A10_099,T01,193.051921,-13.41472,A10_099T01_9000004184::,NGC 4748,uvit1
820,12/25/2020 0:00,6:32:25 PM,A10_101,T02,13.395554,12.693313,A10_101T02_9000004084::,PG 0050+124,uvit1
823,12/30/2020 0:00,5:41:14 AM,A10_101,T21,243.488246,65.719432,A10_101T21_9000004090::,PG 1613+658,uvit1
890,3/5/2021 0:00,12:39:46 PM,A10_101,T19,226.004975,10.437716,A10_101T19_9000004228::,PG 1501+106,uvit1
818,12/20/2020 0:00,12:01:50 PM,A10_102,T06,170.889833,67.186083,A10_102T06_9000004078::,J112333d56p671109d9,uvit1
829,1/7/2021 0:00,11:28:24 AM,A10_102,T07,37.206292,-9.031611,A10_102T07_9000004102::,J022849d51m090153d8,uvit1
831,1/9/2021 0:00,5:13:21 PM,A10_102,T03,166.880125,13.786889,A10_102T03_9000004106::,J110731d23p134712d8,uvit1
877,2/21/2021 0:00,1:05:04 PM,A10_102,T02,258.537667,58.818389,A10_102T02_9000004200::,J171409d04p584906d2,uvit1
886,3/4/2021 0:00,8:37:17 PM,A10_102,T11,246.416125,40.801167,A10_102T11_9000004220::,J162539d87p404804d2,uvit1
891,3/6/2021 0:00,4:05:34 PM,A10_102,T11,246.416125,40.801167,A10_102T11_9000004230::,J162539d87p404804d2,uvit1
892,3/7/2021 0:00,6:11:13 PM,A10_102,T05,241.382667,17.80725,A10_102T05_9000004232::,J160531d84p174826d1,uvit1
896,3/10/2021 0:00,1:39:41 AM,A10_102,T08,138.603125,11.940417,A10_102T08_9000004240::,J091424d75p115625d5,uvit1
897,3/10/2021 0:00,8:46:22 PM,A10_102,T09,120.999833,9.979667,A10_102T09_9000004242::,J080359d96p095846d8,uvit1
844,1/23/2021 0:00,10:33:00 PM,A10_103,T01,201.696833,-47.479583,A10_103T01_9000004132::,NGC 5139,uvit1
846,1/27/2021 0:00,6:45:40 PM,A10_103,T08,225.076875,-82.213694,A10_103T08_9000004136::,IC 4499,uvit1
856,2/7/2021 0:00,12:56:35 PM,A10_103,T04,114.535292,38.882444,A10_103T04_9000004158::,NGC 2419,uvit1
825,1/3/2021 0:00,8:50:56 AM,A10_110,T04,161.325,35.320278,A10_110T04_9000004094::,SDSS J104518.43+351913.5,uvit1
827,1/4/2021 0:00,5:20:52 PM,A10_110,T05,166.805,65.101944,A10_110T05_9000004098::,SDSS J110713.22+650606.6,uvit1
830,1/8/2021 0:00,8:17:12 PM,A10_110,T01,155.885833,10.959722,A10_110T01_9000004104::,MRK 721,uvit1
835,1/15/2021 0:00,9:20:21 PM,A10_110,T03,174.55375,12.111944,A10_110T03_9000004114::,MRK 743,uvit1
893,3/8/2021 0:00,11:29:58 PM,A10_110,T02,203.100833,11.106389,A10_110T02_9000004234::,MRK 789,uvit1
849,1/30/2021 0:00,10:17:35 AM,A10_115,T03,191.282583,45.44025,A10_115T03_9000004142::,Y CVn,uvit1
866,2/12/2021 0:00,4:42:43 PM,A10_115,T01,94.992575,-10.637417,A10_115T01_9000004178::,HD44179,uvit1
879,2/24/2021 0:00,5:13:31 AM,A10_115,T01,94.992575,-10.637417,A10_115T01_9000004206::,HD44179,uvit1
819,12/23/2020 0:00,1:08:10 PM,A10_116,T01,41.579375,-30.274889,A10_116T01_9000004082::,NGC 1097,uvit1
845,1/25/2021 0:00,1:10:07 AM,A10_121,T01,215.303333,-62.698333,A10_121T01_9000004134::,2S 1417-624,sxt
826,1/4/2021 0:00,2:42:02 AM,A10_123,T03,168.950208,29.18825,A10_123T03_9000004096::,BCD_T3,uvit1
838,1/18/2021 0:00,1:59:28 PM,A10_123,T03,168.950208,29.18825,A10_123T03_9000004120::,BCD_T3,uvit1
839,1/19/2021 0:00,9:17:26 AM,A10_123,T06,172.54725,44.25525,A10_123T06_9000004122::,BCD_T6,uvit1
840,1/19/2021 0:00,9:00:20 PM,A10_123,T07,182.681792,42.264225,A10_123T07_9000004124::,BCD_T7,uvit1
841,1/20/2021 0:00,5:53:21 PM,A10_123,T08,197.749458,51.487233,A10_123T08_9000004126::,BCD_T8,uvit1
847,1/28/2021 0:00,10:37:19 PM,A10_123,T06,172.54725,44.25525,A10_123T06_9000004138::,BCD_T6,uvit1
848,1/29/2021 0:00,4:30:02 PM,A10_123,T07,182.681792,42.264225,A10_123T07_9000004140::,BCD_T7,uvit1
852,2/3/2021 0:00,4:39:35 PM,A10_123,T08,197.749458,51.487233,A10_123T08_9000004152::,BCD_T8,uvit1
857,2/8/2021 0:00,1:18:01 PM,A10_123,T02,129.684375,43.372275,A10_123T02_9000004160::,BCD_T2,uvit1
11,9/13/2018 0:00,11:24:16 PM,C03_015,T03,12.08,85.223917,C03_015T03_9000002366::,NGC 188,uvit1
19,9/21/2018 0:00,7:29:36 PM,C03_015,T04,12.08,85.223917,C03_015T04_9000002382::,NGC 188,uvit1
51,10/22/2018 0:00,2:20:26 PM,C04_001,T01,237.391917,70.348089,C04_001T01_9000002446::,Blank Sky-8,laxpc1
198,2/10/2019 0:00,5:25:27 AM,C04_001,T01,237.391917,70.348089,C04_001T01_9000002716::,Blank Sky-8,laxpc1
231,3/9/2019 0:00,4:47:17 PM,C04_001,T01,237.391917,70.348089,C04_001T01_9000002784::,Blank Sky-8,laxpc1
263,4/19/2019 0:00,10:52:55 AM,C04_001,T01,237.391917,70.348089,C04_001T01_9000002846::,Blank Sky-8,laxpc1
313,5/23/2019 0:00,1:52:25 PM,C04_001,T01,237.391917,70.348089,C04_001T01_9000002948::,Blank Sky-8,laxpc1
314,6/21/2019 0:00,3:58:03 PM,C04_001,T01,237.391917,70.348089,C04_001T01_9000002994::,Blank Sky-8,laxpc1
352,8/6/2019 0:00,12:55:21 AM,C04_001,T01,237.391917,70.348089,C04_001T01_9000003074::,Blank Sky-8,laxpc1
356,8/10/2019 0:00,8:17:58 PM,C04_001,T01,237.391917,70.348089,C04_001T01_9000003082::,Blank Sky-8,laxpc1
378,8/27/2019 0:00,8:27:47 AM,C04_001,T01,237.391917,70.348089,C04_001T01_9000003126::,Blank Sky-8,laxpc1
393,9/11/2019 0:00,12:56:19 AM,C04_001,T01,237.391917,70.348089,C04_001T01_9000003156::,Blank Sky-8,laxpc1
108,11/29/2018 0:00,12:20:00 AM,C04_004,T01,304.924083,28.5588,C04_004T01_9000002542::,SSM1_Crab,ssm
33,10/5/2018 0:00,9:52:40 AM,C04_007,T01,83.633208,22.01446,C04_007T01_9000002408::,Crab,sxt
44,10/13/2018 0:00,8:04:16 AM,C04_007,T04,284.148642,-37.91015,C04_007T04_9000002430::,RX J1856.6-3754,sxt
45,10/14/2018 0:00,8:15:52 AM,C04_007,T02,83.633208,22.01446,C04_007T02_9000002432::,Crab,sxt
54,10/25/2018 0:00,9:58:28 PM,C04_007,T07,333.879167,-17.734722,C04_007T07_9000002452::,XMMBlankF8,sxt
46,10/14/2018 0:00,11:45:14 AM,C04_008,T01,83.428,22.015,C04_008T01_9000002434::,Crab Offset,czt1
147,1/4/2019 0:00,5:37:59 PM,C04_009,T02,12.08,85.223917,C04_009T02_9000002618::,NGC 188,uvit1
177,1/24/2019 0:00,3:33:25 PM,C04_009,T03,12.08,85.223917,C04_009T03_9000002674::,NGC 188,uvit1
197,2/9/2019 0:00,9:35:30 PM,C04_009,T03,12.08,85.223917,C04_009T03_9000002714::,NGC 188,uvit1
273,4/29/2019 0:00,7:41:35 AM,C04_009,T04,12.08,85.223917,C04_009T04_9000002866::,NGC 188,uvit1
312,5/23/2019 0:00,12:02:51 PM,C04_009,T05,12.08,85.223917,C04_009T05_9000002946::,NGC 188,uvit1
326,7/10/2019 0:00,2:53:22 AM,C04_009,T06,12.08,85.223917,C04_009T06_9000003020::,NGC 188,uvit1
394,9/12/2019 0:00,7:55:49 AM,C04_010,T01,58.841625,9.788333,C04_010T01_9000003158::,HZ4,uvit1
172,1/19/2019 0:00,5:20:35 PM,C04_011,T01,25.36975,83.583028,C04_011T01_9000002664::,GD419,uvit1
483,12/2/2019 0:00,2:28:25 AM,C05_001,T01,16.005,-72.0312,C05_001T01_9000003354::,1E0102-72.3,sxt
489,12/13/2019 0:00,3:50:34 PM,C05_001,T01,16.005,-72.0312,C05_001T01_9000003366::,1E0102-72.3,sxt
493,12/18/2019 0:00,9:09:00 PM,C05_001,T01,16.005,-72.0312,C05_001T01_9000003374::,1E0102-72.3,sxt
482,12/1/2019 0:00,9:30:04 PM,C05_002,T01,203.654167,37.912222,C05_002T01_9000003352::,XRBBlankF1T1,sxt
513,1/8/2020 0:00,8:42:16 PM,C05_002,T03,203.654167,37.912222,C05_002T03_9000003418::,XRBBlankF1T3,sxt
520,1/13/2020 0:00,9:25:37 PM,C05_002,T02,203.654167,37.912222,C05_002T02_9000003432::,XRBBlankF1T2,sxt
526,1/21/2020 0:00,12:48:37 PM,C05_002,T03,203.654167,37.912222,C05_002T03_9000003448::,XRBBlankF1T3,sxt
529,1/23/2020 0:00,11:44:11 AM,C05_002,T04,203.654167,37.912222,C05_002T04_9000003454::,XRBBlankF1T4,sxt
538,1/30/2020 0:00,1:23:46 PM,C05_002,T05,203.654167,37.912222,C05_002T05_9000003472::,XRBBlankF1T5,sxt
562,2/19/2020 0:00,7:38:15 PM,C05_002,T06,203.654167,37.912222,C05_002T06_9000003522::,XRBBlankF1T6,sxt
569,2/26/2020 0:00,3:50:38 PM,C05_002,T07,203.654167,37.912222,C05_002T07_9000003536::,XRBBlankF1T7,sxt
577,3/5/2020 0:00,10:25:12 AM,C05_002,T08,203.654167,37.912222,C05_002T08_9000003556::,XRBBlankF1T8,sxt
582,3/14/2020 0:00,1:34:37 PM,C05_002,T09,203.654167,37.912222,C05_002T09_9000003566::,XRBBlankF1T9,sxt
640,5/31/2020 0:00,8:15:47 PM,C05_002,T10,203.654167,37.912222,C05_002T10_9000003698::,XRBBlankF1T10,sxt
524,1/17/2020 0:00,9:22:11 AM,C05_005,T01,163.183333,57.483056,C05_005T01_9000003440::,XMMBLANKF3,sxt
484,12/2/2019 0:00,8:44:45 PM,C05_006,T01,311.799708,22.026,C05_006T01_9000003356::,SSM1CrabDec2019,ssm
560,2/18/2020 0:00,10:50:20 PM,C05_007,T01,214.773292,-14.0129,C05_007T01_9000003518::,SSM1CrabMar2020,ssm
593,3/24/2020 0:00,10:25:37 PM,C05_007,T01,214.773292,-14.0129,C05_007T01_9000003588::,SSM1CrabMar2020,ssm
682,8/1/2020 0:00,3:04:29 PM,C05_007,T01,214.773292,-14.0129,C05_007T01_9000003786::,SSM1CrabMar2020,ssm
492,12/17/2019 0:00,1:11:31 PM,C05_012,T02,237.391917,70.348089,C05_012T02_9000003372::,Blank Sky-8,laxpc2
525,1/18/2020 0:00,4:46:17 AM,C05_012,T03,237.391917,70.348089,C05_012T03_9000003442::,Blank Sky-8,laxpc2
551,2/13/2020 0:00,10:28:50 PM,C05_012,T03,237.391917,70.348089,C05_012T03_9000003500::,Blank Sky-8,laxpc2
581,3/13/2020 0:00,10:04:56 AM,C05_012,T04,237.391917,70.348089,C05_012T04_9000003564::,Blank Sky-8,laxpc2
606,4/18/2020 0:00,2:03:51 AM,C05_012,T06,237.391917,70.348089,C05_012T06_9000003616::,Blank Sky-8,laxpc2
630,5/20/2020 0:00,3:22:23 AM,C05_012,T06,237.391917,70.348089,C05_012T06_9000003674::,Blank Sky-8,laxpc2
650,6/14/2020 0:00,9:14:09 AM,C05_012,T07,237.391917,70.348089,C05_012T07_9000003718::,Blank Sky-8,laxpc2
481,12/1/2019 0:00,6:41:10 PM,C05_013,T01,12.08,85.223917,C05_013T01_9000003350::,NGC 188,uvit1
488,12/13/2019 0:00,1:25:06 PM,C05_013,T02,12.08,85.223917,C05_013T02_9000003364::,NGC 188,uvit1
494,12/19/2019 0:00,8:23:48 PM,C05_013,T03,12.08,85.223917,C05_013T03_9000003376::,NGC 188,uvit1
505,12/29/2019 0:00,6:02:54 AM,C05_013,T01,12.08,85.223917,C05_013T01_9000003398::,NGC 188,uvit1
552,2/15/2020 0:00,6:55:16 AM,C05_013,T02,12.08,85.223917,C05_013T02_9000003502::,NGC 188,uvit1
623,5/12/2020 0:00,7:04:12 AM,C05_013,T04,12.08,85.223917,C05_013T04_9000003660::,NGC 188,uvit1
746,10/15/2020 0:00,8:37:43 PM,C05_013,T06,12.08,85.223917,C05_013T06_9000003920::,NGC 188,uvit1
704,8/22/2020 0:00,12:31:12 AM,C05_017,T01,83.633083,22.0145,C05_017T01_9000003836::,Crab,czt1
683,8/2/2020 0:00,1:27:30 PM,C05_019,T04,237.391917,70.348089,C05_019T04_9000003788::,Blank Sky-8,laxpc2
705,8/23/2020 0:00,9:15:30 AM,C05_019,T04,237.391917,70.348089,C05_019T04_9000003838::,Blank Sky-8,laxpc2
735,9/22/2020 0:00,8:42:27 AM,C05_019,T03,237.391917,70.348089,C05_019T03_9000003898::,Blank Sky-8,laxpc2
758,11/1/2020 0:00,5:42:53 AM,C05_019,T04,237.391917,70.348089,C05_019T04_9000003956::,Blank Sky-8,laxpc2
767,11/3/2020 0:00,12:41:11 PM,C05_019,T04,237.391917,70.348089,C05_019T04_9000003974::,Blank Sky-8,laxpc2
816,12/16/2020 0:00,8:21:14 PM,C05_019,T04,237.391917,70.348089,C05_019T04_9000004074::,Blank Sky-8,laxpc2
843,1/22/2021 0:00,3:33:42 PM,C05_019,T04,237.391917,70.348089,C05_019T04_9000004130::,Blank Sky-8,laxpc2
858,2/10/2021 0:00,1:17:22 AM,C05_019,T04,237.391917,70.348089,C05_019T04_9000004162::,Blank Sky-8,laxpc2
13,9/15/2018 0:00,6:03:32 AM,G08_012,T01,23.461667,30.726667,G08_012T01_9000002370::,M33,uvit2
7,9/12/2018 0:00,2:00:12 AM,G08_046,T09,237.370539,47.104903,G08_046T09_9000002358::,Sky-9_75_50,laxpc1
9,9/12/2018 0:00,11:50:00 PM,G08_046,T09,237.370539,47.104903,G08_046T09_9000002362::,Sky-9_75_50,laxpc1
1,9/8/2018 0:00,12:58:44 AM,G08_066,T02,38.657792,-8.7881,G08_066T02_9000002346::,NGC 985,uvit2
3,9/9/2018 0:00,6:55:34 AM,G08_081,T01,308.063667,37.637472,G08_081T01_9000002350::,EXO 2030+375,sxt
4,9/10/2018 0:00,4:06:12 AM,T02_087,T01,274.005787,-14.036283,T02_087T01_9000002352::,GX 17+2,laxpc2
8,9/12/2018 0:00,1:20:00 PM,T02_090,T01,83.633083,22.014494,T02_090T01_9000002360::,Crab,sxt
10,9/13/2018 0:00,8:10:26 AM,T02_090,T01,83.633083,22.014494,T02_090T01_9000002364::,Crab,sxt
12,9/14/2018 0:00,3:51:22 AM,T02_091,T01,83.633083,22.014494,T02_091T01_9000002368::,Crab,laxpc2
20,9/21/2018 0:00,10:36:42 PM,T02_092,T01,254.457542,35.342333,T02_092T01_9000002384::,HER X-1,laxpc2
18,9/20/2018 0:00,7:23:22 PM,T02_094,T01,254.457546,35.342357,T02_094T01_9000002380::,Hercules X-1,uvit1
5,9/11/2018 0:00,10:40:04 AM,T02_100,T01,248.506708,-47.393,T02_100T01_9000002354::,4u1630-472,laxpc1
14,9/17/2018 0:00,3:19:24 AM,T02_101,T01,248.506708,-47.393,T02_101T01_9000002372::,4u1630-472,laxpc1
6,9/11/2018 0:00,5:33:38 PM,T02_104,T01,356.77015,51.70497,T02_104T01_9000002356::,1ES2344+514,laxpc1
21,9/23/2018 0:00,12:42:06 AM,T02_109,T01,57.604029,17.246509,T02_109T01_9000002386::,V471 Tau,sxt
16,9/18/2018 0:00,1:50:00 PM,T02_110,T01,248.811667,38.1525,T02_110T01_9000002376::,4C +38.41,sxt
22,9/27/2018 0:00,3:14:28 PM,T02_110,T01,248.811667,38.1525,T02_110T01_9000002388::,4C +38.41,sxt
23,9/28/2018 0:00,12:50:00 AM,T02_112,T01,267.60175,-29.037611,T02_112T01_9000002390::,SAX 1750.8-2009,sxt
196,2/8/2019 0:00,7:14:12 PM,T03_003,T01,186.668708,19.754389,T03_003T01_9000002712::,AGC 229361 (original T02),uvit1
103,11/22/2018 0:00,8:59:40 PM,T03_004,T01,350.049167,22.401944,T03_004T01_9000002532::,AGC 334315 (originally T0,uvit1
294,5/11/2019 0:00,5:09:31 PM,T03_005,T01,185.0625,25.5,T03_005T01_9000002908::,AGC 229101 (originally T0,uvit1
303,5/18/2019 0:00,12:32:50 AM,T03_005,T01,185.0625,25.5,T03_005T01_9000002928::,AGC 229101 (originally T0,uvit1
141,12/30/2018 0:00,4:45:20 PM,T03_012,T01,149.386908,33.61973,T03_012T01_9000002606::,IC2524,uvit1
94,11/14/2018 0:00,5:39:28 PM,T03_013,T01,147.37625,55.57972,T03_013T01_9000002514::,Mrk22,uvit1
137,12/25/2018 0:00,3:06:48 PM,T03_013,T01,147.37625,55.57972,T03_013T01_9000002598::,Mrk22,uvit1
192,2/5/2019 0:00,8:07:13 PM,T03_014,T01,217.04525,13.55158,T03_014T01_9000002704::,UGC9273,uvit1
79,11/3/2018 0:00,12:41:24 AM,T03_015,T01,100.564721,75.62573,T03_015T01_9000002486::,UGCA130,uvit1
49,10/18/2018 0:00,4:20:12 PM,T03_018,T01,290.884121,-21.07593,T03_018T01_9000002442::,PMN J1923-2104,sxt
50,10/21/2018 0:00,5:20:38 PM,T03_020,T01,65.001675,-54.937938,T03_020T01_9000002444::,NGC1566,sxt
72,10/29/2018 0:00,8:04:36 PM,T03_024,T01,83.633083,22.0145,T03_024T01_9000002472::,Crab,czt1
175,1/20/2019 0:00,8:39:32 PM,T03_025,T01,148.888221,69.06529,T03_025T01_9000002670::,M81,uvit1
142,12/30/2018 0:00,11:10:16 PM,T03_027,T01,7.487542,32.893722,T03_027T01_9000002608::,MRK 950,uvit1
280,5/1/2019 0:00,10:27:50 AM,T03_028,T01,309.78825,-30.755583,T03_028T01_9000002880::,2MASX J20390918-3045201,uvit1
93,11/13/2018 0:00,2:04:20 PM,T03_030,T01,8.406667,28.739167,T03_030T01_9000002512::,AGC 102983,uvit1
124,12/15/2018 0:00,10:34:26 PM,T03_030,T01,8.406667,28.739167,T03_030T01_9000002574::,AGC 102983,uvit1
119,12/14/2018 0:00,9:20:12 AM,T03_032,T01,139.470458,-22.35467,T03_032T01_9000002564::,NGC2835,uvit1
121,12/14/2018 0:00,8:20:48 PM,T03_033,T01,170.06235,12.99154,T03_033T01_9000002568::,NGC 3627,uvit1
86,11/10/2018 0:00,3:50:00 AM,T03_034,T01,160.990421,11.70381,T03_034T01_9000002500::,NGC 3351,uvit1
87,11/10/2018 0:00,1:12:48 PM,T03_034,T01,160.990421,11.70381,T03_034T01_9000002500::,NGC 3351,uvit1
188,2/4/2019 0:00,2:46:08 PM,T03_035,T01,188.584621,8.19775,T03_035T01_9000002696::,NGC 4535,uvit1
296,5/12/2019 0:00,11:19:24 PM,T03_037,T01,287.442079,-63.85753,T03_037T01_9000002912::,NGC 6744,uvit1
304,5/19/2019 0:00,12:52:20 AM,T03_037,T01,287.442079,-63.85753,T03_037T01_9000002930::,NGC 6744,uvit1
102,11/21/2018 0:00,12:12:00 PM,T03_038,T01,237.391917,70.348089,T03_038T01_9000002530::,Blank Sky-8,laxpc2
154,1/5/2019 0:00,8:25:10 PM,T03_040,T01,192.270833,43.095,T03_040T01_9000002628::,KISSR1381,uvit1
155,1/6/2019 0:00,7:07:58 PM,T03_042,T01,208.258333,42.970556,T03_042T01_9000002630::,KISSR1667/1671*,uvit1
148,1/4/2019 0:00,7:22:59 PM,T03_050,T01,153.722833,-15.931444,T03_050T01_9000002620::,HE 1012-1540,uvit1
149,1/4/2019 0:00,9:00:04 PM,T03_050,T01,153.722833,-15.931444,T03_050T01_9000002620::,HE 1012-1540,uvit1
131,12/22/2018 0:00,2:03:38 AM,T03_051,T01,168.437083,-30.713333,T03_051T01_9000002588::,HE 1111-3026,uvit1
150,1/4/2019 0:00,10:15:45 PM,T03_052,T01,171.114658,36.841338,T03_052T01_9000002622::,BPS BS 16545-0089,uvit1
151,1/4/2019 0:00,11:21:39 PM,T03_052,T01,171.114658,36.841338,T03_052T01_9000002622::,BPS BS 16545-0089,uvit1
146,1/4/2019 0:00,3:11:47 PM,T03_053,T01,172.200942,58.128331,T03_053T01_9000002616::,SDSS J112848.22+580741.9,uvit1
290,5/9/2019 0:00,4:18:07 PM,T03_056,T01,332.880729,18.092822,T03_056T01_9000002900::,BD+17 4708,uvit1
98,11/18/2018 0:00,12:50:50 AM,T03_058,T01,12.913333,-72.284333,T03_058T01_9000002522::,Swift J005139.2-721704,uvit1
110,11/30/2018 0:00,12:20:00 AM,T03_059,T01,53.123692,-27.735364,T03_059T01_9000002546::,AUDISGOODSS,uvit1
114,12/7/2018 0:00,3:04:58 AM,T03_059,T01,53.123692,-27.735364,T03_059T01_9000002554::,AUDISGOODSS,uvit1
167,1/15/2019 0:00,4:13:11 AM,T03_061,T01,86.757871,-34.25061,T03_061T01_9000002654::,ngc2090,uvit1
112,12/5/2018 0:00,9:50:00 AM,T03_063,T01,178.342971,-11.08683,T03_063T01_9000002550::,PKS J1153-1105,uvit1
138,12/25/2018 0:00,9:05:40 PM,T03_066,T01,183.887208,36.283611,T03_066T01_9000002600::,NGC 4228,uvit1
128,12/19/2018 0:00,8:50:48 PM,T03_067,T01,186.6565,-62.77035,T03_067T01_9000002582::,GX 301-2,laxpc2
134,12/23/2018 0:00,10:52:10 AM,T03_068,T01,350.85,58.815,T03_068T01_9000002594::,Cas A,sxt
156,1/8/2019 0:00,10:03:29 AM,T03_070,T01,51.17125,34.179444,T03_070T01_9000002632::,1h0323+342_1,uvit1
157,1/8/2019 0:00,1:14:50 PM,T03_070,T02,51.038458,34.069372,T03_070T02_9000002634::,1h0323+342_2,uvit1
158,1/8/2019 0:00,4:30:05 PM,T03_070,T03,51.304208,34.179372,T03_070T03_9000002636::,1h0323+342_3,uvit1
159,1/8/2019 0:00,7:44:55 PM,T03_070,T04,51.038292,34.179372,T03_070T04_9000002638::,1h0323+342_4,uvit1
160,1/9/2019 0:00,12:53:17 AM,T03_070,T05,51.304375,34.289372,T03_070T05_9000002640::,1h0323+342_5,uvit1
161,1/9/2019 0:00,8:43:21 AM,T03_070,T06,51.038125,34.289372,T03_070T06_9000002642::,1h0323+342_6,uvit1
162,1/9/2019 0:00,1:30:35 PM,T03_070,T07,51.17125,34.069444,T03_070T07_9000002644::,1h0323+342_7,uvit1
163,1/9/2019 0:00,6:22:55 PM,T03_070,T08,51.17125,34.289444,T03_070T08_9000002646::,1h0323+342_8,uvit1
164,1/10/2019 0:00,1:08:21 AM,T03_070,T09,51.304042,34.069372,T03_070T09_9000002648::,1h0323+342_9,uvit1
143,12/31/2018 0:00,10:10:22 AM,T03_071,T01,140.409708,33.360647,T03_071T01_9000002610::,A779,uvit2
170,1/17/2019 0:00,6:07:43 PM,T03_075,T01,185.341421,30.176975,T03_075T01_9000002660::,1ES 1218+304,sxt
183,2/1/2019 0:00,12:50:00 AM,T03_080,T01,237.391917,70.348089,T03_080T01_9000002686::,Blank Sky-8,laxpc1
201,2/19/2019 0:00,9:50:00 PM,T03_083,T01,207.053042,-63.274111,T03_083T01_9000002722::,MAXI J1348-630,laxpc1
204,2/22/2019 0:00,11:48:37 AM,T03_083,T01,207.053042,-63.274111,T03_083T01_9000002728::,MAXI J1348-630,laxpc1
211,2/28/2019 0:00,9:02:23 AM,T03_083,T01,207.053042,-63.274111,T03_083T01_9000002742::,MAXI J1348-630,laxpc1
251,3/30/2019 0:00,6:13:10 PM,T03_090,T01,105.048125,-66.040028,T03_090T01_9000002822::,AT2019ahk,uvit1
235,3/12/2019 0:00,4:19:10 PM,T03_091,T01,135.528583,-40.554692,T03_091T01_9000002790::,Vela X1,laxpc2
239,3/15/2019 0:00,2:24:03 PM,T03_091,T01,135.528583,-40.554692,T03_091T01_9000002798::,Vela X1,laxpc2
248,3/24/2019 0:00,11:09:12 AM,T03_094,T01,292.065042,19.555978,T03_094T01_9000002816::,WR 125,sxt
258,4/10/2019 0:00,1:50:00 AM,T03_098,T01,314.698071,41.776994,T03_098T01_9000002836::,GRO J2058+42,laxpc2
267,4/23/2019 0:00,4:12:39 AM,T03_099,T03,105.048083,-66.040028,T03_099T03_9000002854::,AT2019ahk,uvit1
278,4/30/2019 0:00,5:58:24 PM,T03_105,T01,308.107417,40.95775,T03_105T01_9000002876::,Cyg X-3,sxt
289,5/9/2019 0:00,5:31:01 AM,T03_108,T01,275.091167,7.185639,T03_108T01_9000002898::,MAXI J1820+070,uvit2
288,5/8/2019 0:00,7:25:01 PM,T03_112,T01,207.0535,-63.274611,T03_112T01_9000002896::,MAXI J1348-630,laxpc1
297,5/15/2019 0:00,2:05:17 AM,T03_116,T01,288.798125,10.945767,T03_116T01_9000002916::,GRS 1915+105,sxt
316,6/26/2019 0:00,1:57:25 AM,T03_123,T01,288.798121,10.945766,T03_123T01_9000003000::,V1487 Aql,sxt
360,8/14/2019 0:00,1:11:45 AM,T03_131,T01,272.11475,-36.978972,T03_131T01_9000003090::,SAX J1808-3658,laxpc2
361,8/15/2019 0:00,10:45:49 AM,T03_133,T01,288.717,17.367,T03_133T01_9000003092::,Unknown,laxpc2
377,8/26/2019 0:00,12:53:20 AM,T03_136,T01,272.11475,-36.978972,T03_136T01_9000003124::,SAX J1808.4-3658,laxpc2
398,9/18/2019 0:00,1:12:45 AM,T03_138,T02,340.537375,29.6153,T03_138T02_9000003172::,Akn564_2,uvit1
401,9/22/2019 0:00,1:13:22 AM,T03_138,T03,340.790583,29.7253,T03_138T03_9000003178::,Akn564_3,uvit1
402,9/22/2019 0:00,6:17:39 AM,T03_138,T04,340.53725,29.7253,T03_138T04_9000003180::,Akn564_4,uvit1
403,9/22/2019 0:00,8:16:02 AM,T03_138,T05,340.790708,29.8353,T03_138T05_9000003182::,Akn564_5,uvit1
404,9/22/2019 0:00,10:00:59 AM,T03_138,T06,340.537083,29.8353,T03_138T06_9000003184::,Akn564_6,uvit1
405,9/22/2019 0:00,11:45:54 AM,T03_138,T07,340.663917,29.615361,T03_138T07_9000003186::,Akn564_7,uvit1
406,9/22/2019 0:00,1:24:16 PM,T03_138,T08,340.663917,29.835361,T03_138T08_9000003188::,Akn564_8,uvit1
407,9/22/2019 0:00,3:02:34 PM,T03_138,T09,340.790417,29.6153,T03_138T09_9000003190::,Akn564_9,uvit1
386,9/5/2019 0:00,1:03:56 AM,T03_140,T01,277.680367,-24.019153,T03_140T01_9000003142::,V3890 Sgr,sxt
395,9/12/2019 0:00,5:56:07 PM,T03_140,T01,277.680367,-24.019153,T03_140T01_9000003160::,V3890 Sgr,sxt
399,9/18/2019 0:00,3:28:01 AM,T03_141,T01,284.146292,-37.908472,T03_141T01_9000003174::,RXJ1856.6-3754,sxt
416,10/1/2019 0:00,1:12:04 AM,T03_143,T01,264.974792,-28.496333,T03_143T01_9000003208::,XTE J1739-285,laxpc2
447,11/1/2019 0:00,12:44:52 AM,T03_145,T01,351.350779,-38.446997,T03_145T01_9000003278::,IRAS 23226-3843,sxt
444,10/29/2019 0:00,12:45:23 AM,T03_146,T01,292.482931,18.310618,T03_146T01_9000003272::,IGR J19294+1816,laxpc1
453,11/8/2019 0:00,2:20:17 AM,T03_147,T01,99.098292,-42.867806,T03_147T01_9000003290::,MAXI J0637-430,laxpc2
461,11/15/2019 0:00,1:47:06 AM,T03_147,T01,99.098292,-42.867806,T03_147T01_9000003306::,MAXI J0637-430,laxpc2
463,11/20/2019 0:00,8:39:34 AM,T03_149,T01,99.098292,-42.867806,T03_149T01_9000003314::,MAXIJ0637-430_1,uvit1
464,11/20/2019 0:00,10:11:25 AM,T03_149,T02,98.947958,-42.977708,T03_149T02_9000003316::,MAXIJ0637-430_2,uvit1
465,11/20/2019 0:00,11:56:29 AM,T03_149,T03,99.248375,-42.867708,T03_149T03_9000003318::,MAXIJ0637-430_3,uvit1
467,11/20/2019 0:00,11:20:19 PM,T03_149,T04,98.948208,-42.867708,T03_149T04_9000003322::,MAXIJ0637-430_4,uvit1
468,11/21/2019 0:00,1:06:34 AM,T03_149,T05,99.248125,-42.757708,T03_149T05_9000003324::,MAXIJ0637-430_5,uvit1
469,11/21/2019 0:00,5:02:42 AM,T03_149,T06,98.948458,-42.757708,T03_149T06_9000003326::,MAXIJ0637-430_6,uvit1
472,11/23/2019 0:00,4:59:40 AM,T03_149,T07,99.098292,-42.977806,T03_149T07_9000003332::,MAXIJ0637-430_7,uvit1
473,11/23/2019 0:00,6:06:33 AM,T03_149,T08,99.098292,-42.757806,T03_149T08_9000003334::,MAXIJ0637-430_8,uvit1
474,11/23/2019 0:00,7:27:39 AM,T03_149,T09,99.248625,-42.977708,T03_149T09_9000003336::,MAXIJ0637-430_9,uvit1
462,11/19/2019 0:00,5:36:44 PM,T03_156,T01,11.37,41.902806,T03_156T01_9000003312::,M31N 2008-12a,uvit1
470,11/21/2019 0:00,6:45:04 AM,T03_159,T01,99.098292,-42.867806,T03_159T01_9000003328::,MAXI J0637-430,sxt
490,12/14/2019 0:00,1:40:57 PM,T03_168,T01,32.393904,-74.453283,T03_168T01_9000003368::,RX J0209.6-7427,sxt
500,12/24/2019 0:00,5:05:57 PM,T03_170,T01,32.692502,-51.017192,T03_170T01_9000003388::,PKS 0208-512,uvit1
512,1/7/2020 0:00,3:40:05 PM,T03_173,T01,162.115083,71.726639,T03_173T01_9000003416::,S5 1044+71,sxt
514,1/8/2020 0:00,11:25:03 PM,T03_175,T01,215.626583,32.3862,T03_175T01_9000003420::,OQ 334,sxt
518,1/11/2020 0:00,3:34:32 PM,T03_175,T01,215.626583,32.3862,T03_175T01_9000003428::,OQ 334,sxt
546,2/8/2020 0:00,7:14:23 PM,T03_178,T01,130.170042,-35.273667,T03_178T01_9000003488::,Swift J0840.7-3516,laxpc2
563,2/19/2020 0:00,10:19:04 PM,T03_180,T01,264.974792,-28.496333,T03_180T01_9000003524::,XTE J1739-285,laxpc2
579,3/11/2020 0:00,10:29:16 PM,T03_182,T01,272.5,-22.2,T03_182T01_9000003560::,MAXI J1810-222,laxpc2
602,4/4/2020 0:00,11:55:36 AM,T03_183,T01,190.709442,-63.058624,T03_183T01_9000003606::,HD 110432,sxt
603,4/12/2020 0:00,12:15:48 PM,T03_187,T01,13.639292,-73.683694,T03_187T01_9000003608::,SMC X-2,laxpc2
604,4/15/2020 0:00,2:06:18 AM,T03_188,T01,248.554583,-47.090306,T03_188T01_9000003612::,4U 1630-472,laxpc2
605,4/15/2020 0:00,3:56:02 PM,T03_189,T01,200.324221,42.587606,T03_189T01_9000003614::,3C 285,uvit1
607,4/19/2020 0:00,9:01:00 AM,T03_191,T01,80.116833,-71.964806,T03_191T01_9000003618::,LMC X-2,sxt
608,4/23/2020 0:00,11:40:34 AM,T03_194,T01,179.8825,29.245556,T03_194T01_9000003620::,TON 0599,sxt
611,4/28/2020 0:00,4:41:10 PM,T03_197,T01,254.457542,35.342333,T03_197T01_9000003626::,Hercules X-1,uvit1
620,5/8/2020 0:00,8:32:55 PM,T03_200,T01,166.697917,72.568611,T03_200T01_9000003654::,NGC 3516,sxt
619,5/7/2020 0:00,1:49:32 PM,T03_205,T01,13.639292,-73.683694,T03_205T01_9000003652::,SMC X-2,sxt
629,5/15/2020 0:00,8:31:29 AM,T03_206,T01,133.703625,20.108511,T03_206T01_9000003672::,OJ 287,sxt
669,7/14/2020 0:00,1:35:03 AM,T03_214,T01,243.179167,-52.423056,T03_214T01_9000003758::,4U 1608-52,sxt
675,7/25/2020 0:00,3:07:55 AM,T03_218,T01,259.358333,51.216111,T03_218T01_9000003770::,C/2017 K2,uvit1
707,8/26/2020 0:00,4:35:07 AM,T03_220,T01,68.847,55.376,T03_220T01_9000003842::,AT2019wey,laxpc2
711,9/6/2020 0:00,12:34:46 AM,T03_223,T01,51.17125,34.179444,T03_223T01_9000003850::,1H 0323+34203,sxt
720,9/14/2020 0:00,6:40:59 PM,T03_224,T01,284.146292,-37.908472,T03_224T01_9000003868::,RX J1856.6-3754,sxt
722,9/16/2020 0:00,4:11:00 AM,T03_224,T01,284.146292,-37.908472,T03_224T01_9000003872::,RX J1856.6-3754,sxt
723,9/17/2020 0:00,12:06:46 PM,T03_230,T01,329.4195,-80.358,T03_230T01_9000003874::,FRB190711,uvit1
741,10/1/2020 0:00,1:16:47 AM,T03_231,T01,288.798125,10.945767,T03_231T01_9000003910::,GRS 1915+105,laxpc2
729,9/18/2020 0:00,12:03:05 PM,T03_232,T01,329.4195,-80.358,T03_232T01_9000003886::,FRB190711,uvit1
733,9/19/2020 0:00,12:03:07 PM,T03_233,T01,329.4195,-80.358,T03_233T01_9000003894::,FRB190711,uvit1
740,9/30/2020 0:00,9:12:49 AM,T03_236,T01,51.17125,34.179444,T03_236T01_9000003908::,1H 0323+34203,sxt
739,9/30/2020 0:00,7:09:17 AM,T03_240,T01,12.08,85.223917,T03_240T01_9000003906::,NGC 188,uvit1
737,9/26/2020 0:00,1:29:13 PM,T03_241,T01,12.08,85.223917,T03_241T01_9000003902::,NGC 188,uvit1
745,10/7/2020 0:00,1:05:46 AM,T03_243,T01,295.66935,-10.323492,T03_243T01_9000003918::,NGC 6814,sxt
742,10/2/2020 0:00,1:32:02 PM,T03_244,T01,308.063642,37.637456,T03_244T01_9000003912::,EXO 2030+375,sxt
744,10/5/2020 0:00,7:29:44 AM,T03_245,T01,264.495,-37.772,T03_245T01_9000003916::,IGR J17379-3747,laxpc2
743,10/5/2020 0:00,1:37:26 AM,T03_247,T01,12.08,85.223917,T03_247T01_9000003914::,NGC 188,uvit1
747,10/16/2020 0:00,3:08:43 AM,T03_255,T01,277.673792,-6.754861,T03_255T01_9000003922::,SGR 1830-0645,laxpc2
768,11/4/2020 0:00,4:27:31 AM,T03_257,T01,340.726697,29.712317,T03_257T01_9000003976::,Akn564,uvit1
766,11/3/2020 0:00,1:53:31 AM,T03_259,T01,11.37,41.902806,T03_259T01_9000003972::,M31N 2008-12a,uvit1
774,11/10/2020 0:00,5:43:11 PM,T03_262,T01,11.37,41.902806,T03_262T01_9000003988::,M31N 2008-12a,sxt
775,11/12/2020 0:00,7:11:21 PM,T03_263,T01,84.727393,26.315789,T03_263T01_9000003990::,A0535+262,laxpc1
878,2/23/2021 0:00,4:06:40 AM,T03_272,T01,239.454167,-54.415,T03_272T01_9000004204::,2S 1553-542,laxpc2
867,2/13/2021 0:00,12:55:21 AM,T03_275,T01,255.705667,-48.789667,T03_275T01_9000004180::,GX339-4,laxpc1
885,3/2/2021 0:00,1:04:04 AM,T03_279,T01,255.705754,-48.789767,T03_279T01_9000004218::,GX339-4,sxt
887,3/5/2021 0:00,1:12:00 AM,T03_280,T01,255.754261,-48.604031,T03_280T01_9000004222::,gx339-4_1,uvit1
888,3/5/2021 0:00,9:11:30 AM,T03_281,T01,255.981332,-48.73965,T03_281T01_9000004224::,gx339-4_2,uvit1
889,3/5/2021 0:00,10:53:36 AM,T03_282,T01,255.899417,-48.972779,T03_282T01_9000004226::,gx339-4_3,uvit1
